-- PHP MySQL Dump
SET FOREIGN_KEY_CHECKS=0;

DROP TABLE IF EXISTS `ADMIN_MASTER`;
CREATE TABLE `ADMIN_MASTER` (
  `ADMIN_ID` int(11) NOT NULL AUTO_INCREMENT,
  `USERNAME` varchar(50) NOT NULL,
  `PASSWORD_HASH` varchar(255) NOT NULL,
  `FULL_NAME` varchar(120) DEFAULT NULL,
  `EMAIL` varchar(120) DEFAULT NULL,
  `ROLE` varchar(30) DEFAULT 'MASTER',
  `LAST_LOGIN` datetime DEFAULT NULL,
  `STATUS` char(1) DEFAULT 'A',
  `CREATED_AT` timestamp NULL DEFAULT current_timestamp(),
  `UPDATED_AT` timestamp NULL DEFAULT NULL,
  PRIMARY KEY (`ADMIN_ID`),
  UNIQUE KEY `USERNAME` (`USERNAME`)
) ENGINE=MyISAM AUTO_INCREMENT=2 DEFAULT CHARSET=latin1 COLLATE=latin1_swedish_ci;

INSERT INTO `ADMIN_MASTER` VALUES ('1', 'admin', '$2y$10$MyL6RpMBN72Mkma6SJW1R.C14PTmNYIgas.D9UCkTORBkteJ3Bw1C', 'Administration', 'superadmin@fms.in', 'MASTER', NULL, 'A', '2026-02-05 00:53:23', NULL);
DROP TABLE IF EXISTS `AUDIT_LOG`;
CREATE TABLE `AUDIT_LOG` (
  `LOG_ID` int(11) NOT NULL AUTO_INCREMENT,
  `ACTION_TYPE` varchar(100) DEFAULT NULL,
  `REF_TABLE` varchar(50) DEFAULT NULL,
  `REF_ID` int(11) DEFAULT NULL,
  `OLD_VALUE` text DEFAULT NULL,
  `NEW_VALUE` text DEFAULT NULL,
  `AMOUNT` decimal(10,2) DEFAULT NULL,
  `ADMIN_ID` int(11) DEFAULT NULL,
  `IP_ADDRESS` varchar(50) DEFAULT NULL,
  `CREATED_AT` datetime DEFAULT current_timestamp(),
  PRIMARY KEY (`LOG_ID`),
  KEY `ADMIN_ID` (`ADMIN_ID`)
) ENGINE=MyISAM AUTO_INCREMENT=264 DEFAULT CHARSET=latin1 COLLATE=latin1_swedish_ci;

INSERT INTO `AUDIT_LOG` VALUES ('1', 'VIEW_DASHBOARD', 'ADMIN_MASTER', '1', NULL, NULL, '0.00', '1', '49.37.113.205', '2026-02-08 22:03:02');
INSERT INTO `AUDIT_LOG` VALUES ('2', 'VIEW_DASHBOARD', 'ADMIN_MASTER', '1', NULL, NULL, '0.00', '1', '49.37.113.205', '2026-02-08 22:03:02');
INSERT INTO `AUDIT_LOG` VALUES ('3', 'COPY_STRUCTURE', 'MASTER_FEES_DTL', '3', '\"From: 1\"', '\"Rows: 15\"', '0.00', '1', '49.37.113.205', '2026-02-08 22:04:00');
INSERT INTO `AUDIT_LOG` VALUES ('4', 'COPY_STRUCTURE', 'MASTER_FEES_DTL', '8', '\"From: 3\"', '\"Rows: 15\"', '0.00', '1', '49.37.113.205', '2026-02-08 22:04:49');
INSERT INTO `AUDIT_LOG` VALUES ('5', 'COPY_STRUCTURE', 'MASTER_FEES_DTL', '9', '\"From: 3\"', '\"Rows: 15\"', '0.00', '1', '49.37.113.205', '2026-02-08 22:04:59');
INSERT INTO `AUDIT_LOG` VALUES ('6', 'COPY_STRUCTURE', 'MASTER_FEES_DTL', '10', '\"From: 3\"', '\"Rows: 15\"', '0.00', '1', '49.37.113.205', '2026-02-08 22:05:11');
INSERT INTO `AUDIT_LOG` VALUES ('7', 'VIEW_DASHBOARD', 'ADMIN_MASTER', '1', NULL, NULL, '0.00', '1', '49.37.113.205', '2026-02-08 22:22:14');
INSERT INTO `AUDIT_LOG` VALUES ('8', 'VIEW_DASHBOARD', 'ADMIN_MASTER', '1', NULL, NULL, '0.00', '1', '49.37.113.205', '2026-02-08 22:22:14');
INSERT INTO `AUDIT_LOG` VALUES ('9', 'VIEW_DASHBOARD', 'ADMIN_MASTER', '1', NULL, NULL, '0.00', '1', '49.37.113.205', '2026-02-08 22:56:56');
INSERT INTO `AUDIT_LOG` VALUES ('10', 'VIEW_DASHBOARD', 'ADMIN_MASTER', '1', NULL, NULL, '0.00', '1', '49.37.113.205', '2026-02-08 22:56:56');
INSERT INTO `AUDIT_LOG` VALUES ('11', 'VIEW_DASHBOARD', 'ADMIN_MASTER', '1', NULL, NULL, '0.00', '1', '49.37.113.205', '2026-02-08 22:58:35');
INSERT INTO `AUDIT_LOG` VALUES ('12', 'VIEW_DASHBOARD', 'ADMIN_MASTER', '1', NULL, NULL, '0.00', '1', '49.37.113.205', '2026-02-08 22:58:35');
INSERT INTO `AUDIT_LOG` VALUES ('13', 'VIEW_DASHBOARD', 'ADMIN_MASTER', '1', NULL, NULL, '0.00', '1', '49.37.113.205', '2026-02-08 23:02:33');
INSERT INTO `AUDIT_LOG` VALUES ('14', 'VIEW_DASHBOARD', 'ADMIN_MASTER', '1', NULL, NULL, '0.00', '1', '49.37.113.205', '2026-02-08 23:02:33');
INSERT INTO `AUDIT_LOG` VALUES ('15', 'VIEW_DASHBOARD', 'ADMIN_MASTER', '1', NULL, NULL, '0.00', '1', '49.37.113.205', '2026-02-08 23:12:31');
INSERT INTO `AUDIT_LOG` VALUES ('16', 'VIEW_DASHBOARD', 'ADMIN_MASTER', '1', NULL, NULL, '0.00', '1', '49.37.113.205', '2026-02-08 23:12:31');
INSERT INTO `AUDIT_LOG` VALUES ('17', 'VIEW_DASHBOARD', 'ADMIN_MASTER', '1', NULL, NULL, '0.00', '1', '49.37.113.205', '2026-02-08 23:12:35');
INSERT INTO `AUDIT_LOG` VALUES ('18', 'VIEW_DASHBOARD', 'ADMIN_MASTER', '1', NULL, NULL, '0.00', '1', '49.37.113.205', '2026-02-08 23:12:35');
INSERT INTO `AUDIT_LOG` VALUES ('19', 'VIEW_DASHBOARD', 'ADMIN_MASTER', '1', NULL, NULL, '0.00', '1', '49.37.113.205', '2026-02-08 23:12:39');
INSERT INTO `AUDIT_LOG` VALUES ('20', 'VIEW_DASHBOARD', 'ADMIN_MASTER', '1', NULL, NULL, '0.00', '1', '49.37.113.205', '2026-02-08 23:12:39');
INSERT INTO `AUDIT_LOG` VALUES ('21', 'VIEW_DASHBOARD', 'ADMIN_MASTER', '1', NULL, NULL, '0.00', '1', '49.37.113.205', '2026-02-08 23:23:29');
INSERT INTO `AUDIT_LOG` VALUES ('22', 'VIEW_DASHBOARD', 'ADMIN_MASTER', '1', NULL, NULL, '0.00', '1', '49.37.113.205', '2026-02-08 23:23:29');
INSERT INTO `AUDIT_LOG` VALUES ('23', 'VIEW_DASHBOARD', 'ADMIN_MASTER', '1', NULL, NULL, '0.00', '1', '49.37.113.205', '2026-02-08 23:24:06');
INSERT INTO `AUDIT_LOG` VALUES ('24', 'VIEW_DASHBOARD', 'ADMIN_MASTER', '1', NULL, NULL, '0.00', '1', '49.37.113.205', '2026-02-08 23:24:06');
INSERT INTO `AUDIT_LOG` VALUES ('25', 'VIEW_DASHBOARD', 'ADMIN_MASTER', '1', NULL, NULL, '0.00', '1', '49.37.113.205', '2026-02-08 23:26:20');
INSERT INTO `AUDIT_LOG` VALUES ('26', 'VIEW_DASHBOARD', 'ADMIN_MASTER', '1', NULL, NULL, '0.00', '1', '49.37.113.205', '2026-02-08 23:26:20');
INSERT INTO `AUDIT_LOG` VALUES ('27', 'VIEW_DASHBOARD', 'ADMIN_MASTER', '1', NULL, NULL, '0.00', '1', '49.37.113.205', '2026-02-08 23:27:22');
INSERT INTO `AUDIT_LOG` VALUES ('28', 'VIEW_DASHBOARD', 'ADMIN_MASTER', '1', NULL, NULL, '0.00', '1', '49.37.113.205', '2026-02-08 23:27:22');
INSERT INTO `AUDIT_LOG` VALUES ('29', 'VIEW_DASHBOARD', 'ADMIN_MASTER', '1', NULL, NULL, '0.00', '1', '49.37.113.205', '2026-02-08 23:32:41');
INSERT INTO `AUDIT_LOG` VALUES ('30', 'VIEW_DASHBOARD', 'ADMIN_MASTER', '1', NULL, NULL, '0.00', '1', '49.37.113.205', '2026-02-08 23:32:41');
INSERT INTO `AUDIT_LOG` VALUES ('31', 'VIEW_DASHBOARD', 'ADMIN_MASTER', '1', NULL, NULL, '0.00', '1', '49.37.113.205', '2026-02-08 23:39:17');
INSERT INTO `AUDIT_LOG` VALUES ('32', 'VIEW_DASHBOARD', 'ADMIN_MASTER', '1', NULL, NULL, '0.00', '1', '49.37.113.205', '2026-02-08 23:39:17');
INSERT INTO `AUDIT_LOG` VALUES ('33', 'VIEW_DASHBOARD', 'ADMIN_MASTER', '1', NULL, NULL, '0.00', '1', '49.37.113.205', '2026-02-08 23:40:19');
INSERT INTO `AUDIT_LOG` VALUES ('34', 'VIEW_DASHBOARD', 'ADMIN_MASTER', '1', NULL, NULL, '0.00', '1', '49.37.113.205', '2026-02-08 23:40:19');
INSERT INTO `AUDIT_LOG` VALUES ('35', 'VIEW_DASHBOARD', 'ADMIN_MASTER', '1', NULL, NULL, '0.00', '1', '49.37.113.205', '2026-02-08 23:48:14');
INSERT INTO `AUDIT_LOG` VALUES ('36', 'VIEW_DASHBOARD', 'ADMIN_MASTER', '1', NULL, NULL, '0.00', '1', '49.37.113.205', '2026-02-08 23:48:14');
INSERT INTO `AUDIT_LOG` VALUES ('37', 'VIEW_DASHBOARD', 'ADMIN_MASTER', '1', NULL, NULL, '0.00', '1', '49.37.113.205', '2026-02-08 23:48:17');
INSERT INTO `AUDIT_LOG` VALUES ('38', 'VIEW_DASHBOARD', 'ADMIN_MASTER', '1', NULL, NULL, '0.00', '1', '49.37.113.205', '2026-02-08 23:48:17');
INSERT INTO `AUDIT_LOG` VALUES ('39', 'VIEW_DASHBOARD', 'ADMIN_MASTER', '1', NULL, NULL, '0.00', '1', '49.37.113.205', '2026-02-09 00:54:13');
INSERT INTO `AUDIT_LOG` VALUES ('40', 'VIEW_DASHBOARD', 'ADMIN_MASTER', '1', NULL, NULL, '0.00', '1', '49.37.113.205', '2026-02-09 00:54:13');
INSERT INTO `AUDIT_LOG` VALUES ('41', 'LOGIN', 'ADMIN_MASTER', '1', NULL, NULL, '0.00', '1', '49.37.113.205', '2026-02-09 01:47:35');
INSERT INTO `AUDIT_LOG` VALUES ('42', 'VIEW_DASHBOARD', 'ADMIN_MASTER', '1', NULL, NULL, '0.00', '1', '49.37.113.205', '2026-02-09 01:47:35');
INSERT INTO `AUDIT_LOG` VALUES ('43', 'VIEW_DASHBOARD', 'ADMIN_MASTER', '1', NULL, NULL, '0.00', '1', '49.37.113.205', '2026-02-09 01:47:35');
INSERT INTO `AUDIT_LOG` VALUES ('44', 'VIEW_DASHBOARD', 'ADMIN_MASTER', '1', NULL, NULL, '0.00', '1', '49.37.113.205', '2026-02-09 01:50:26');
INSERT INTO `AUDIT_LOG` VALUES ('45', 'VIEW_DASHBOARD', 'ADMIN_MASTER', '1', NULL, NULL, '0.00', '1', '49.37.113.205', '2026-02-09 01:50:26');
INSERT INTO `AUDIT_LOG` VALUES ('46', 'LOGIN', 'ADMIN_MASTER', '1', NULL, NULL, '0.00', '1', '49.37.113.205', '2026-02-09 01:59:20');
INSERT INTO `AUDIT_LOG` VALUES ('47', 'VIEW_DASHBOARD', 'ADMIN_MASTER', '1', NULL, NULL, '0.00', '1', '49.37.113.205', '2026-02-09 01:59:20');
INSERT INTO `AUDIT_LOG` VALUES ('48', 'VIEW_DASHBOARD', 'ADMIN_MASTER', '1', NULL, NULL, '0.00', '1', '49.37.113.205', '2026-02-09 01:59:20');
INSERT INTO `AUDIT_LOG` VALUES ('49', 'LOGIN', 'ADMIN_MASTER', '1', NULL, NULL, '0.00', '1', '49.37.113.205', '2026-02-09 02:01:10');
INSERT INTO `AUDIT_LOG` VALUES ('50', 'VIEW_DASHBOARD', 'ADMIN_MASTER', '1', NULL, NULL, '0.00', '1', '49.37.113.205', '2026-02-09 02:01:10');
INSERT INTO `AUDIT_LOG` VALUES ('51', 'VIEW_DASHBOARD', 'ADMIN_MASTER', '1', NULL, NULL, '0.00', '1', '49.37.113.205', '2026-02-09 02:01:10');
INSERT INTO `AUDIT_LOG` VALUES ('52', 'LOGIN', 'ADMIN_MASTER', '1', NULL, NULL, '0.00', '1', '49.37.113.205', '2026-02-09 02:04:35');
INSERT INTO `AUDIT_LOG` VALUES ('53', 'VIEW_DASHBOARD', 'ADMIN_MASTER', '1', NULL, NULL, '0.00', '1', '49.37.113.205', '2026-02-09 02:04:35');
INSERT INTO `AUDIT_LOG` VALUES ('54', 'VIEW_DASHBOARD', 'ADMIN_MASTER', '1', NULL, NULL, '0.00', '1', '49.37.113.205', '2026-02-09 02:04:35');
INSERT INTO `AUDIT_LOG` VALUES ('55', 'VIEW_DASHBOARD', 'ADMIN_MASTER', '1', NULL, NULL, '0.00', '1', '49.37.113.205', '2026-02-09 02:42:37');
INSERT INTO `AUDIT_LOG` VALUES ('56', 'VIEW_DASHBOARD', 'ADMIN_MASTER', '1', NULL, NULL, '0.00', '1', '49.37.113.205', '2026-02-09 02:42:37');
INSERT INTO `AUDIT_LOG` VALUES ('57', 'LOGIN', 'ADMIN_MASTER', '1', NULL, NULL, '0.00', '1', '49.37.113.205', '2026-02-09 04:16:13');
INSERT INTO `AUDIT_LOG` VALUES ('58', 'VIEW_DASHBOARD', 'ADMIN_MASTER', '1', NULL, NULL, '0.00', '1', '49.37.113.205', '2026-02-09 04:16:14');
INSERT INTO `AUDIT_LOG` VALUES ('59', 'VIEW_DASHBOARD', 'ADMIN_MASTER', '1', NULL, NULL, '0.00', '1', '49.37.113.205', '2026-02-09 04:16:14');
INSERT INTO `AUDIT_LOG` VALUES ('60', 'LOGOUT', 'ADMIN_MASTER', '1', NULL, NULL, '0.00', '1', '49.37.113.205', '2026-02-09 04:18:08');
INSERT INTO `AUDIT_LOG` VALUES ('61', 'LOGIN', 'ADMIN_MASTER', '1', NULL, NULL, '0.00', '1', '49.37.113.205', '2026-02-09 04:25:00');
INSERT INTO `AUDIT_LOG` VALUES ('62', 'VIEW_DASHBOARD', 'ADMIN_MASTER', '1', NULL, NULL, '0.00', '1', '49.37.113.205', '2026-02-09 04:25:00');
INSERT INTO `AUDIT_LOG` VALUES ('63', 'VIEW_DASHBOARD', 'ADMIN_MASTER', '1', NULL, NULL, '0.00', '1', '49.37.113.205', '2026-02-09 04:25:00');
INSERT INTO `AUDIT_LOG` VALUES ('64', 'VIEW_DASHBOARD', 'ADMIN_MASTER', '1', NULL, NULL, '0.00', '1', '49.37.113.205', '2026-02-09 04:25:42');
INSERT INTO `AUDIT_LOG` VALUES ('65', 'VIEW_DASHBOARD', 'ADMIN_MASTER', '1', NULL, NULL, '0.00', '1', '49.37.113.205', '2026-02-09 04:25:42');
INSERT INTO `AUDIT_LOG` VALUES ('66', 'VIEW_DASHBOARD', 'ADMIN_MASTER', '1', NULL, NULL, '0.00', '1', '49.37.113.205', '2026-02-09 04:26:13');
INSERT INTO `AUDIT_LOG` VALUES ('67', 'VIEW_DASHBOARD', 'ADMIN_MASTER', '1', NULL, NULL, '0.00', '1', '49.37.113.205', '2026-02-09 04:26:13');
INSERT INTO `AUDIT_LOG` VALUES ('68', 'VIEW_DASHBOARD', 'ADMIN_MASTER', '1', NULL, NULL, '0.00', '1', '49.37.113.205', '2026-02-09 04:26:20');
INSERT INTO `AUDIT_LOG` VALUES ('69', 'VIEW_DASHBOARD', 'ADMIN_MASTER', '1', NULL, NULL, '0.00', '1', '49.37.113.205', '2026-02-09 04:26:20');
INSERT INTO `AUDIT_LOG` VALUES ('70', 'VIEW_DASHBOARD', 'ADMIN_MASTER', '1', NULL, NULL, '0.00', '1', '49.37.113.205', '2026-02-09 04:30:42');
INSERT INTO `AUDIT_LOG` VALUES ('71', 'VIEW_DASHBOARD', 'ADMIN_MASTER', '1', NULL, NULL, '0.00', '1', '49.37.113.205', '2026-02-09 04:30:42');
INSERT INTO `AUDIT_LOG` VALUES ('72', 'VIEW_DASHBOARD', 'ADMIN_MASTER', '1', NULL, NULL, '0.00', '1', '49.37.113.205', '2026-02-09 04:30:45');
INSERT INTO `AUDIT_LOG` VALUES ('73', 'VIEW_DASHBOARD', 'ADMIN_MASTER', '1', NULL, NULL, '0.00', '1', '49.37.113.205', '2026-02-09 04:30:45');
INSERT INTO `AUDIT_LOG` VALUES ('74', 'VIEW_DASHBOARD', 'ADMIN_MASTER', '1', NULL, NULL, '0.00', '1', '49.37.113.205', '2026-02-09 04:30:46');
INSERT INTO `AUDIT_LOG` VALUES ('75', 'VIEW_DASHBOARD', 'ADMIN_MASTER', '1', NULL, NULL, '0.00', '1', '49.37.113.205', '2026-02-09 04:30:46');
INSERT INTO `AUDIT_LOG` VALUES ('76', 'VIEW_DASHBOARD', 'ADMIN_MASTER', '1', NULL, NULL, '0.00', '1', '49.37.113.205', '2026-02-09 04:53:49');
INSERT INTO `AUDIT_LOG` VALUES ('77', 'VIEW_DASHBOARD', 'ADMIN_MASTER', '1', NULL, NULL, '0.00', '1', '49.37.113.205', '2026-02-09 04:53:49');
INSERT INTO `AUDIT_LOG` VALUES ('78', 'BACKUP', 'BACKUP_LOG', '6', 'N/A', 'db_backup_2026-02-09_183948.sql', '0.06', '1', '49.37.113.205', '2026-02-09 05:09:48');
INSERT INTO `AUDIT_LOG` VALUES ('79', 'BACKUP', 'BACKUP_LOG', '7', 'N/A', 'db_backup_2026-02-09_184112.sql', '0.06', '1', '49.37.113.205', '2026-02-09 05:11:12');
INSERT INTO `AUDIT_LOG` VALUES ('80', 'BACKUP', 'BACKUP_LOG', '8', 'N/A', 'db_backup_2026-02-09_184119.sql', '0.06', '1', '49.37.113.205', '2026-02-09 05:11:19');
INSERT INTO `AUDIT_LOG` VALUES ('81', 'BACKUP', 'BACKUP_LOG', '9', 'N/A', 'db_backup_2026-02-09_184232.sql', '0.06', '1', '49.37.113.205', '2026-02-09 05:12:32');
INSERT INTO `AUDIT_LOG` VALUES ('82', 'VIEW_DASHBOARD', 'ADMIN_MASTER', '1', NULL, NULL, '0.00', '1', '49.37.113.205', '2026-02-09 05:12:55');
INSERT INTO `AUDIT_LOG` VALUES ('83', 'VIEW_DASHBOARD', 'ADMIN_MASTER', '1', NULL, NULL, '0.00', '1', '49.37.113.205', '2026-02-09 05:12:55');
INSERT INTO `AUDIT_LOG` VALUES ('84', 'VIEW_DASHBOARD', 'ADMIN_MASTER', '1', NULL, NULL, '0.00', '1', '49.37.113.205', '2026-02-09 05:13:12');
INSERT INTO `AUDIT_LOG` VALUES ('85', 'VIEW_DASHBOARD', 'ADMIN_MASTER', '1', NULL, NULL, '0.00', '1', '49.37.113.205', '2026-02-09 05:13:12');
INSERT INTO `AUDIT_LOG` VALUES ('86', 'VIEW_DASHBOARD', 'ADMIN_MASTER', '1', NULL, NULL, '0.00', '1', '49.37.113.205', '2026-02-09 05:13:19');
INSERT INTO `AUDIT_LOG` VALUES ('87', 'VIEW_DASHBOARD', 'ADMIN_MASTER', '1', NULL, NULL, '0.00', '1', '49.37.113.205', '2026-02-09 05:13:19');
INSERT INTO `AUDIT_LOG` VALUES ('88', 'VIEW_DASHBOARD', 'ADMIN_MASTER', '1', NULL, NULL, '0.00', '1', '49.37.113.205', '2026-02-09 05:13:23');
INSERT INTO `AUDIT_LOG` VALUES ('89', 'VIEW_DASHBOARD', 'ADMIN_MASTER', '1', NULL, NULL, '0.00', '1', '49.37.113.205', '2026-02-09 05:13:23');
INSERT INTO `AUDIT_LOG` VALUES ('90', 'LOGOUT', 'ADMIN_MASTER', '1', NULL, NULL, '0.00', '1', '49.37.113.205', '2026-02-09 05:13:32');
INSERT INTO `AUDIT_LOG` VALUES ('91', 'LOGIN', 'ADMIN_MASTER', '1', NULL, NULL, '0.00', '1', '49.37.113.205', '2026-02-09 06:01:13');
INSERT INTO `AUDIT_LOG` VALUES ('92', 'VIEW_DASHBOARD', 'ADMIN_MASTER', '1', NULL, NULL, '0.00', '1', '49.37.113.205', '2026-02-09 06:01:13');
INSERT INTO `AUDIT_LOG` VALUES ('93', 'VIEW_DASHBOARD', 'ADMIN_MASTER', '1', NULL, NULL, '0.00', '1', '49.37.113.205', '2026-02-09 06:01:13');
INSERT INTO `AUDIT_LOG` VALUES ('94', 'VIEW_DASHBOARD', 'ADMIN_MASTER', '1', NULL, NULL, '0.00', '1', '49.37.113.205', '2026-02-09 06:12:29');
INSERT INTO `AUDIT_LOG` VALUES ('95', 'VIEW_DASHBOARD', 'ADMIN_MASTER', '1', NULL, NULL, '0.00', '1', '49.37.113.205', '2026-02-09 06:12:29');
INSERT INTO `AUDIT_LOG` VALUES ('96', 'LOGIN', 'ADMIN_MASTER', '1', NULL, NULL, '0.00', '1', '27.60.139.193', '2026-02-09 23:52:16');
INSERT INTO `AUDIT_LOG` VALUES ('97', 'VIEW_DASHBOARD', 'ADMIN_MASTER', '1', NULL, NULL, '0.00', '1', '27.60.139.193', '2026-02-09 23:52:16');
INSERT INTO `AUDIT_LOG` VALUES ('98', 'VIEW_DASHBOARD', 'ADMIN_MASTER', '1', NULL, NULL, '0.00', '1', '27.60.139.193', '2026-02-09 23:52:16');
INSERT INTO `AUDIT_LOG` VALUES ('99', 'VIEW_DASHBOARD', 'ADMIN_MASTER', '1', NULL, NULL, '0.00', '1', '27.60.139.193', '2026-02-09 23:53:08');
INSERT INTO `AUDIT_LOG` VALUES ('100', 'VIEW_DASHBOARD', 'ADMIN_MASTER', '1', NULL, NULL, '0.00', '1', '27.60.139.193', '2026-02-09 23:53:08');
INSERT INTO `AUDIT_LOG` VALUES ('101', 'LOGIN', 'ADMIN_MASTER', '1', NULL, NULL, '0.00', '1', '27.60.139.193', '2026-02-10 00:47:37');
INSERT INTO `AUDIT_LOG` VALUES ('102', 'VIEW_DASHBOARD', 'ADMIN_MASTER', '1', NULL, NULL, '0.00', '1', '27.60.139.193', '2026-02-10 00:47:37');
INSERT INTO `AUDIT_LOG` VALUES ('103', 'VIEW_DASHBOARD', 'ADMIN_MASTER', '1', NULL, NULL, '0.00', '1', '27.60.139.193', '2026-02-10 00:47:37');
INSERT INTO `AUDIT_LOG` VALUES ('104', 'VIEW_DASHBOARD', 'ADMIN_MASTER', '1', NULL, NULL, '0.00', '1', '27.60.139.193', '2026-02-10 01:13:57');
INSERT INTO `AUDIT_LOG` VALUES ('105', 'VIEW_DASHBOARD', 'ADMIN_MASTER', '1', NULL, NULL, '0.00', '1', '27.60.139.193', '2026-02-10 01:13:57');
INSERT INTO `AUDIT_LOG` VALUES ('106', 'LOGOUT', 'ADMIN_MASTER', '1', NULL, NULL, '0.00', '1', '27.60.139.193', '2026-02-10 01:14:02');
INSERT INTO `AUDIT_LOG` VALUES ('107', 'LOGIN', 'ADMIN_MASTER', '1', NULL, NULL, '0.00', '1', '49.37.113.205', '2026-02-10 07:07:22');
INSERT INTO `AUDIT_LOG` VALUES ('108', 'VIEW_DASHBOARD', 'ADMIN_MASTER', '1', NULL, NULL, '0.00', '1', '49.37.113.205', '2026-02-10 07:07:23');
INSERT INTO `AUDIT_LOG` VALUES ('109', 'VIEW_DASHBOARD', 'ADMIN_MASTER', '1', NULL, NULL, '0.00', '1', '49.37.113.205', '2026-02-10 07:07:23');
INSERT INTO `AUDIT_LOG` VALUES ('110', 'LOGIN', 'ADMIN_MASTER', '1', NULL, NULL, '0.00', '1', '49.37.113.205', '2026-02-10 08:48:37');
INSERT INTO `AUDIT_LOG` VALUES ('111', 'VIEW_DASHBOARD', 'ADMIN_MASTER', '1', NULL, NULL, '0.00', '1', '49.37.113.205', '2026-02-10 08:48:37');
INSERT INTO `AUDIT_LOG` VALUES ('112', 'VIEW_DASHBOARD', 'ADMIN_MASTER', '1', NULL, NULL, '0.00', '1', '49.37.113.205', '2026-02-10 08:48:37');
INSERT INTO `AUDIT_LOG` VALUES ('113', 'VIEW_DASHBOARD', 'ADMIN_MASTER', '1', NULL, NULL, '0.00', '1', '49.37.113.205', '2026-02-10 08:50:41');
INSERT INTO `AUDIT_LOG` VALUES ('114', 'VIEW_DASHBOARD', 'ADMIN_MASTER', '1', NULL, NULL, '0.00', '1', '49.37.113.205', '2026-02-10 08:50:41');
INSERT INTO `AUDIT_LOG` VALUES ('115', 'VIEW_DASHBOARD', 'ADMIN_MASTER', '1', NULL, NULL, '0.00', '1', '49.37.113.205', '2026-02-10 08:52:44');
INSERT INTO `AUDIT_LOG` VALUES ('116', 'VIEW_DASHBOARD', 'ADMIN_MASTER', '1', NULL, NULL, '0.00', '1', '49.37.113.205', '2026-02-10 08:52:44');
INSERT INTO `AUDIT_LOG` VALUES ('117', 'VIEW_DASHBOARD', 'ADMIN_MASTER', '1', NULL, NULL, '0.00', '1', '49.37.113.205', '2026-02-10 08:53:02');
INSERT INTO `AUDIT_LOG` VALUES ('118', 'VIEW_DASHBOARD', 'ADMIN_MASTER', '1', NULL, NULL, '0.00', '1', '49.37.113.205', '2026-02-10 08:53:02');
INSERT INTO `AUDIT_LOG` VALUES ('119', 'VIEW_DASHBOARD', 'ADMIN_MASTER', '1', NULL, NULL, '0.00', '1', '49.37.113.205', '2026-02-10 08:53:23');
INSERT INTO `AUDIT_LOG` VALUES ('120', 'VIEW_DASHBOARD', 'ADMIN_MASTER', '1', NULL, NULL, '0.00', '1', '49.37.113.205', '2026-02-10 08:53:23');
INSERT INTO `AUDIT_LOG` VALUES ('121', 'VIEW_DASHBOARD', 'ADMIN_MASTER', '1', NULL, NULL, '0.00', '1', '49.37.113.205', '2026-02-10 08:53:26');
INSERT INTO `AUDIT_LOG` VALUES ('122', 'VIEW_DASHBOARD', 'ADMIN_MASTER', '1', NULL, NULL, '0.00', '1', '49.37.113.205', '2026-02-10 08:53:26');
INSERT INTO `AUDIT_LOG` VALUES ('123', 'VIEW_DASHBOARD', 'ADMIN_MASTER', '1', NULL, NULL, '0.00', '1', '49.37.113.205', '2026-02-10 08:53:28');
INSERT INTO `AUDIT_LOG` VALUES ('124', 'VIEW_DASHBOARD', 'ADMIN_MASTER', '1', NULL, NULL, '0.00', '1', '49.37.113.205', '2026-02-10 08:53:28');
INSERT INTO `AUDIT_LOG` VALUES ('125', 'VIEW_DASHBOARD', 'ADMIN_MASTER', '1', NULL, NULL, '0.00', '1', '49.37.113.205', '2026-02-10 08:53:30');
INSERT INTO `AUDIT_LOG` VALUES ('126', 'VIEW_DASHBOARD', 'ADMIN_MASTER', '1', NULL, NULL, '0.00', '1', '49.37.113.205', '2026-02-10 08:53:30');
INSERT INTO `AUDIT_LOG` VALUES ('127', 'VIEW_DASHBOARD', 'ADMIN_MASTER', '1', NULL, NULL, '0.00', '1', '49.37.113.205', '2026-02-10 08:54:03');
INSERT INTO `AUDIT_LOG` VALUES ('128', 'VIEW_DASHBOARD', 'ADMIN_MASTER', '1', NULL, NULL, '0.00', '1', '49.37.113.205', '2026-02-10 08:54:03');
INSERT INTO `AUDIT_LOG` VALUES ('129', 'VIEW_DASHBOARD', 'ADMIN_MASTER', '1', NULL, NULL, '0.00', '1', '49.37.113.205', '2026-02-10 08:54:06');
INSERT INTO `AUDIT_LOG` VALUES ('130', 'VIEW_DASHBOARD', 'ADMIN_MASTER', '1', NULL, NULL, '0.00', '1', '49.37.113.205', '2026-02-10 08:54:06');
INSERT INTO `AUDIT_LOG` VALUES ('131', 'VIEW_DASHBOARD', 'ADMIN_MASTER', '1', NULL, NULL, '0.00', '1', '49.37.113.205', '2026-02-10 08:54:08');
INSERT INTO `AUDIT_LOG` VALUES ('132', 'VIEW_DASHBOARD', 'ADMIN_MASTER', '1', NULL, NULL, '0.00', '1', '49.37.113.205', '2026-02-10 08:54:08');
INSERT INTO `AUDIT_LOG` VALUES ('133', 'VIEW_DASHBOARD', 'ADMIN_MASTER', '1', NULL, NULL, '0.00', '1', '49.37.113.205', '2026-02-10 08:54:11');
INSERT INTO `AUDIT_LOG` VALUES ('134', 'VIEW_DASHBOARD', 'ADMIN_MASTER', '1', NULL, NULL, '0.00', '1', '49.37.113.205', '2026-02-10 08:54:11');
INSERT INTO `AUDIT_LOG` VALUES ('135', 'VIEW_DASHBOARD', 'ADMIN_MASTER', '1', NULL, NULL, '0.00', '1', '49.37.113.205', '2026-02-10 08:55:26');
INSERT INTO `AUDIT_LOG` VALUES ('136', 'VIEW_DASHBOARD', 'ADMIN_MASTER', '1', NULL, NULL, '0.00', '1', '49.37.113.205', '2026-02-10 08:55:26');
INSERT INTO `AUDIT_LOG` VALUES ('137', 'VIEW_DASHBOARD', 'ADMIN_MASTER', '1', NULL, NULL, '0.00', '1', '49.37.113.205', '2026-02-10 08:56:18');
INSERT INTO `AUDIT_LOG` VALUES ('138', 'VIEW_DASHBOARD', 'ADMIN_MASTER', '1', NULL, NULL, '0.00', '1', '49.37.113.205', '2026-02-10 08:56:18');
INSERT INTO `AUDIT_LOG` VALUES ('139', 'VIEW_DASHBOARD', 'ADMIN_MASTER', '1', NULL, NULL, '0.00', '1', '49.37.113.205', '2026-02-10 08:57:03');
INSERT INTO `AUDIT_LOG` VALUES ('140', 'VIEW_DASHBOARD', 'ADMIN_MASTER', '1', NULL, NULL, '0.00', '1', '49.37.113.205', '2026-02-10 08:57:03');
INSERT INTO `AUDIT_LOG` VALUES ('141', 'VIEW_DASHBOARD', 'ADMIN_MASTER', '1', NULL, NULL, '0.00', '1', '49.37.113.205', '2026-02-10 08:57:56');
INSERT INTO `AUDIT_LOG` VALUES ('142', 'VIEW_DASHBOARD', 'ADMIN_MASTER', '1', NULL, NULL, '0.00', '1', '49.37.113.205', '2026-02-10 08:57:56');
INSERT INTO `AUDIT_LOG` VALUES ('143', 'VIEW_DASHBOARD', 'ADMIN_MASTER', '1', NULL, NULL, '0.00', '1', '49.37.113.205', '2026-02-10 08:58:19');
INSERT INTO `AUDIT_LOG` VALUES ('144', 'VIEW_DASHBOARD', 'ADMIN_MASTER', '1', NULL, NULL, '0.00', '1', '49.37.113.205', '2026-02-10 08:58:19');
INSERT INTO `AUDIT_LOG` VALUES ('145', 'VIEW_DASHBOARD', 'ADMIN_MASTER', '1', NULL, NULL, '0.00', '1', '49.37.113.205', '2026-02-10 09:00:34');
INSERT INTO `AUDIT_LOG` VALUES ('146', 'VIEW_DASHBOARD', 'ADMIN_MASTER', '1', NULL, NULL, '0.00', '1', '49.37.113.205', '2026-02-10 09:00:34');
INSERT INTO `AUDIT_LOG` VALUES ('147', 'VIEW_DASHBOARD', 'ADMIN_MASTER', '1', NULL, NULL, '0.00', '1', '49.37.113.205', '2026-02-10 09:00:34');
INSERT INTO `AUDIT_LOG` VALUES ('148', 'VIEW_DASHBOARD', 'ADMIN_MASTER', '1', NULL, NULL, '0.00', '1', '49.37.113.205', '2026-02-10 09:00:34');
INSERT INTO `AUDIT_LOG` VALUES ('149', 'VIEW_DASHBOARD', 'ADMIN_MASTER', '1', NULL, NULL, '0.00', '1', '49.37.113.205', '2026-02-10 09:00:54');
INSERT INTO `AUDIT_LOG` VALUES ('150', 'VIEW_DASHBOARD', 'ADMIN_MASTER', '1', NULL, NULL, '0.00', '1', '49.37.113.205', '2026-02-10 09:00:54');
INSERT INTO `AUDIT_LOG` VALUES ('151', 'VIEW_DASHBOARD', 'ADMIN_MASTER', '1', NULL, NULL, '0.00', '1', '49.37.113.205', '2026-02-10 09:00:57');
INSERT INTO `AUDIT_LOG` VALUES ('152', 'VIEW_DASHBOARD', 'ADMIN_MASTER', '1', NULL, NULL, '0.00', '1', '49.37.113.205', '2026-02-10 09:00:57');
INSERT INTO `AUDIT_LOG` VALUES ('153', 'VIEW_DASHBOARD', 'ADMIN_MASTER', '1', NULL, NULL, '0.00', '1', '49.37.113.205', '2026-02-10 09:01:06');
INSERT INTO `AUDIT_LOG` VALUES ('154', 'VIEW_DASHBOARD', 'ADMIN_MASTER', '1', NULL, NULL, '0.00', '1', '49.37.113.205', '2026-02-10 09:01:06');
INSERT INTO `AUDIT_LOG` VALUES ('155', 'VIEW_DASHBOARD', 'ADMIN_MASTER', '1', NULL, NULL, '0.00', '1', '49.37.113.205', '2026-02-10 09:03:59');
INSERT INTO `AUDIT_LOG` VALUES ('156', 'VIEW_DASHBOARD', 'ADMIN_MASTER', '1', NULL, NULL, '0.00', '1', '49.37.113.205', '2026-02-10 09:03:59');
INSERT INTO `AUDIT_LOG` VALUES ('157', 'VIEW_DASHBOARD', 'ADMIN_MASTER', '1', NULL, NULL, '0.00', '1', '49.37.113.205', '2026-02-10 09:04:25');
INSERT INTO `AUDIT_LOG` VALUES ('158', 'VIEW_DASHBOARD', 'ADMIN_MASTER', '1', NULL, NULL, '0.00', '1', '49.37.113.205', '2026-02-10 09:04:25');
INSERT INTO `AUDIT_LOG` VALUES ('159', 'VIEW_DASHBOARD', 'ADMIN_MASTER', '1', NULL, NULL, '0.00', '1', '49.37.113.205', '2026-02-10 09:05:01');
INSERT INTO `AUDIT_LOG` VALUES ('160', 'VIEW_DASHBOARD', 'ADMIN_MASTER', '1', NULL, NULL, '0.00', '1', '49.37.113.205', '2026-02-10 09:05:01');
INSERT INTO `AUDIT_LOG` VALUES ('161', 'VIEW_DASHBOARD', 'ADMIN_MASTER', '1', NULL, NULL, '0.00', '1', '49.37.113.205', '2026-02-10 09:06:06');
INSERT INTO `AUDIT_LOG` VALUES ('162', 'VIEW_DASHBOARD', 'ADMIN_MASTER', '1', NULL, NULL, '0.00', '1', '49.37.113.205', '2026-02-10 09:06:06');
INSERT INTO `AUDIT_LOG` VALUES ('163', 'VIEW_DASHBOARD', 'ADMIN_MASTER', '1', NULL, NULL, '0.00', '1', '49.37.113.205', '2026-02-10 09:06:37');
INSERT INTO `AUDIT_LOG` VALUES ('164', 'VIEW_DASHBOARD', 'ADMIN_MASTER', '1', NULL, NULL, '0.00', '1', '49.37.113.205', '2026-02-10 09:06:37');
INSERT INTO `AUDIT_LOG` VALUES ('165', 'VIEW_DASHBOARD', 'ADMIN_MASTER', '1', NULL, NULL, '0.00', '1', '49.37.113.205', '2026-02-10 09:07:20');
INSERT INTO `AUDIT_LOG` VALUES ('166', 'VIEW_DASHBOARD', 'ADMIN_MASTER', '1', NULL, NULL, '0.00', '1', '49.37.113.205', '2026-02-10 09:07:20');
INSERT INTO `AUDIT_LOG` VALUES ('167', 'VIEW_DASHBOARD', 'ADMIN_MASTER', '1', NULL, NULL, '0.00', '1', '49.37.113.205', '2026-02-10 09:17:37');
INSERT INTO `AUDIT_LOG` VALUES ('168', 'VIEW_DASHBOARD', 'ADMIN_MASTER', '1', NULL, NULL, '0.00', '1', '49.37.113.205', '2026-02-10 09:17:37');
INSERT INTO `AUDIT_LOG` VALUES ('169', 'VIEW_DASHBOARD', 'ADMIN_MASTER', '1', NULL, NULL, '0.00', '1', '49.37.113.205', '2026-02-10 09:18:59');
INSERT INTO `AUDIT_LOG` VALUES ('170', 'VIEW_DASHBOARD', 'ADMIN_MASTER', '1', NULL, NULL, '0.00', '1', '49.37.113.205', '2026-02-10 09:18:59');
INSERT INTO `AUDIT_LOG` VALUES ('171', 'VIEW_DASHBOARD', 'ADMIN_MASTER', '1', NULL, NULL, '0.00', '1', '49.37.113.205', '2026-02-10 09:19:50');
INSERT INTO `AUDIT_LOG` VALUES ('172', 'VIEW_DASHBOARD', 'ADMIN_MASTER', '1', NULL, NULL, '0.00', '1', '49.37.113.205', '2026-02-10 09:19:50');
INSERT INTO `AUDIT_LOG` VALUES ('173', 'VIEW_DASHBOARD', 'ADMIN_MASTER', '1', NULL, NULL, '0.00', '1', '49.37.113.205', '2026-02-10 09:20:22');
INSERT INTO `AUDIT_LOG` VALUES ('174', 'VIEW_DASHBOARD', 'ADMIN_MASTER', '1', NULL, NULL, '0.00', '1', '49.37.113.205', '2026-02-10 09:20:22');
INSERT INTO `AUDIT_LOG` VALUES ('175', 'VIEW_DASHBOARD', 'ADMIN_MASTER', '1', NULL, NULL, '0.00', '1', '49.37.113.205', '2026-02-10 09:20:22');
INSERT INTO `AUDIT_LOG` VALUES ('176', 'VIEW_DASHBOARD', 'ADMIN_MASTER', '1', NULL, NULL, '0.00', '1', '49.37.113.205', '2026-02-10 09:20:22');
INSERT INTO `AUDIT_LOG` VALUES ('177', 'LOGIN', 'ADMIN_MASTER', '1', NULL, NULL, '0.00', '1', '49.37.113.205', '2026-02-10 23:37:37');
INSERT INTO `AUDIT_LOG` VALUES ('178', 'VIEW_DASHBOARD', 'ADMIN_MASTER', '1', NULL, NULL, '0.00', '1', '49.37.113.205', '2026-02-10 23:37:37');
INSERT INTO `AUDIT_LOG` VALUES ('179', 'VIEW_DASHBOARD', 'ADMIN_MASTER', '1', NULL, NULL, '0.00', '1', '49.37.113.205', '2026-02-10 23:37:38');
INSERT INTO `AUDIT_LOG` VALUES ('180', 'LOGIN', 'ADMIN_MASTER', '1', NULL, NULL, '0.00', '1', '49.37.113.205', '2026-02-11 00:18:40');
INSERT INTO `AUDIT_LOG` VALUES ('181', 'VIEW_DASHBOARD', 'ADMIN_MASTER', '1', NULL, NULL, '0.00', '1', '49.37.113.205', '2026-02-11 00:18:40');
INSERT INTO `AUDIT_LOG` VALUES ('182', 'VIEW_DASHBOARD', 'ADMIN_MASTER', '1', NULL, NULL, '0.00', '1', '49.37.113.205', '2026-02-11 00:18:40');
INSERT INTO `AUDIT_LOG` VALUES ('183', 'VIEW_DASHBOARD', 'ADMIN_MASTER', '1', NULL, NULL, '0.00', '1', '49.37.113.205', '2026-02-11 00:23:48');
INSERT INTO `AUDIT_LOG` VALUES ('184', 'VIEW_DASHBOARD', 'ADMIN_MASTER', '1', NULL, NULL, '0.00', '1', '49.37.113.205', '2026-02-11 00:23:48');
INSERT INTO `AUDIT_LOG` VALUES ('185', 'LOGIN', 'ADMIN_MASTER', '1', NULL, NULL, '0.00', '1', '49.37.113.205', '2026-02-11 00:30:28');
INSERT INTO `AUDIT_LOG` VALUES ('186', 'LOGIN', 'ADMIN_MASTER', '1', NULL, NULL, '0.00', '1', '49.37.113.205', '2026-02-11 00:30:43');
INSERT INTO `AUDIT_LOG` VALUES ('187', 'VIEW_DASHBOARD', 'ADMIN_MASTER', '1', NULL, NULL, '0.00', '1', '49.37.113.205', '2026-02-11 00:30:43');
INSERT INTO `AUDIT_LOG` VALUES ('188', 'VIEW_DASHBOARD', 'ADMIN_MASTER', '1', NULL, NULL, '0.00', '1', '49.37.113.205', '2026-02-11 00:30:43');
INSERT INTO `AUDIT_LOG` VALUES ('189', 'VIEW_DASHBOARD', 'ADMIN_MASTER', '1', NULL, NULL, '0.00', '1', '49.37.113.205', '2026-02-11 00:42:21');
INSERT INTO `AUDIT_LOG` VALUES ('190', 'VIEW_DASHBOARD', 'ADMIN_MASTER', '1', NULL, NULL, '0.00', '1', '49.37.113.205', '2026-02-11 00:42:21');
INSERT INTO `AUDIT_LOG` VALUES ('191', 'VIEW_DASHBOARD', 'ADMIN_MASTER', '1', NULL, NULL, '0.00', '1', '49.37.113.205', '2026-02-11 00:42:55');
INSERT INTO `AUDIT_LOG` VALUES ('192', 'VIEW_DASHBOARD', 'ADMIN_MASTER', '1', NULL, NULL, '0.00', '1', '49.37.113.205', '2026-02-11 00:42:55');
INSERT INTO `AUDIT_LOG` VALUES ('193', 'VIEW_DASHBOARD', 'ADMIN_MASTER', '1', NULL, NULL, '0.00', '1', '49.37.113.205', '2026-02-11 01:15:54');
INSERT INTO `AUDIT_LOG` VALUES ('194', 'VIEW_DASHBOARD', 'ADMIN_MASTER', '1', NULL, NULL, '0.00', '1', '49.37.113.205', '2026-02-11 01:15:54');
INSERT INTO `AUDIT_LOG` VALUES ('195', 'LOGIN', 'ADMIN_MASTER', '1', NULL, NULL, '0.00', '1', '49.37.113.205', '2026-02-11 04:19:30');
INSERT INTO `AUDIT_LOG` VALUES ('196', 'VIEW_DASHBOARD', 'ADMIN_MASTER', '1', NULL, NULL, '0.00', '1', '49.37.113.205', '2026-02-11 04:19:30');
INSERT INTO `AUDIT_LOG` VALUES ('197', 'VIEW_DASHBOARD', 'ADMIN_MASTER', '1', NULL, NULL, '0.00', '1', '49.37.113.205', '2026-02-11 04:19:30');
INSERT INTO `AUDIT_LOG` VALUES ('198', 'LOGIN', 'ADMIN_MASTER', '1', NULL, NULL, '0.00', '1', '49.37.113.205', '2026-02-11 04:26:48');
INSERT INTO `AUDIT_LOG` VALUES ('199', 'VIEW_DASHBOARD', 'ADMIN_MASTER', '1', NULL, NULL, '0.00', '1', '49.37.113.205', '2026-02-11 04:26:48');
INSERT INTO `AUDIT_LOG` VALUES ('200', 'VIEW_DASHBOARD', 'ADMIN_MASTER', '1', NULL, NULL, '0.00', '1', '49.37.113.205', '2026-02-11 04:26:48');
INSERT INTO `AUDIT_LOG` VALUES ('201', 'VIEW_DASHBOARD', 'ADMIN_MASTER', '1', NULL, NULL, '0.00', '1', '49.37.113.205', '2026-02-11 04:35:05');
INSERT INTO `AUDIT_LOG` VALUES ('202', 'VIEW_DASHBOARD', 'ADMIN_MASTER', '1', NULL, NULL, '0.00', '1', '49.37.113.205', '2026-02-11 04:35:05');
INSERT INTO `AUDIT_LOG` VALUES ('203', 'VIEW_DASHBOARD', 'ADMIN_MASTER', '1', NULL, NULL, '0.00', '1', '49.37.113.205', '2026-02-11 04:35:21');
INSERT INTO `AUDIT_LOG` VALUES ('204', 'VIEW_DASHBOARD', 'ADMIN_MASTER', '1', NULL, NULL, '0.00', '1', '49.37.113.205', '2026-02-11 04:35:21');
INSERT INTO `AUDIT_LOG` VALUES ('205', 'VIEW_DASHBOARD', 'ADMIN_MASTER', '1', NULL, NULL, '0.00', '1', '49.37.113.205', '2026-02-11 04:36:07');
INSERT INTO `AUDIT_LOG` VALUES ('206', 'VIEW_DASHBOARD', 'ADMIN_MASTER', '1', NULL, NULL, '0.00', '1', '49.37.113.205', '2026-02-11 04:36:07');
INSERT INTO `AUDIT_LOG` VALUES ('207', 'VIEW_DASHBOARD', 'ADMIN_MASTER', '1', NULL, NULL, '0.00', '1', '49.37.113.205', '2026-02-11 04:38:58');
INSERT INTO `AUDIT_LOG` VALUES ('208', 'VIEW_DASHBOARD', 'ADMIN_MASTER', '1', NULL, NULL, '0.00', '1', '49.37.113.205', '2026-02-11 04:38:58');
INSERT INTO `AUDIT_LOG` VALUES ('209', 'VIEW_DASHBOARD', 'ADMIN_MASTER', '1', NULL, NULL, '0.00', '1', '49.37.113.205', '2026-02-11 04:39:07');
INSERT INTO `AUDIT_LOG` VALUES ('210', 'VIEW_DASHBOARD', 'ADMIN_MASTER', '1', NULL, NULL, '0.00', '1', '49.37.113.205', '2026-02-11 04:39:07');
INSERT INTO `AUDIT_LOG` VALUES ('211', 'VIEW_DASHBOARD', 'ADMIN_MASTER', '1', NULL, NULL, '0.00', '1', '49.37.113.205', '2026-02-11 04:41:35');
INSERT INTO `AUDIT_LOG` VALUES ('212', 'VIEW_DASHBOARD', 'ADMIN_MASTER', '1', NULL, NULL, '0.00', '1', '49.37.113.205', '2026-02-11 04:41:35');
INSERT INTO `AUDIT_LOG` VALUES ('213', 'VIEW_DASHBOARD', 'ADMIN_MASTER', '1', NULL, NULL, '0.00', '1', '49.37.113.205', '2026-02-11 04:41:44');
INSERT INTO `AUDIT_LOG` VALUES ('214', 'VIEW_DASHBOARD', 'ADMIN_MASTER', '1', NULL, NULL, '0.00', '1', '49.37.113.205', '2026-02-11 04:41:44');
INSERT INTO `AUDIT_LOG` VALUES ('215', 'VIEW_DASHBOARD', 'ADMIN_MASTER', '1', NULL, NULL, '0.00', '1', '49.37.113.205', '2026-02-11 04:45:54');
INSERT INTO `AUDIT_LOG` VALUES ('216', 'VIEW_DASHBOARD', 'ADMIN_MASTER', '1', NULL, NULL, '0.00', '1', '49.37.113.205', '2026-02-11 04:45:54');
INSERT INTO `AUDIT_LOG` VALUES ('217', 'VIEW_DASHBOARD', 'ADMIN_MASTER', '1', NULL, NULL, '0.00', '1', '49.37.113.205', '2026-02-11 04:46:30');
INSERT INTO `AUDIT_LOG` VALUES ('218', 'VIEW_DASHBOARD', 'ADMIN_MASTER', '1', NULL, NULL, '0.00', '1', '49.37.113.205', '2026-02-11 04:46:30');
INSERT INTO `AUDIT_LOG` VALUES ('219', 'VIEW_DASHBOARD', 'ADMIN_MASTER', '1', NULL, NULL, '0.00', '1', '49.37.113.205', '2026-02-11 04:46:42');
INSERT INTO `AUDIT_LOG` VALUES ('220', 'VIEW_DASHBOARD', 'ADMIN_MASTER', '1', NULL, NULL, '0.00', '1', '49.37.113.205', '2026-02-11 04:46:42');
INSERT INTO `AUDIT_LOG` VALUES ('221', 'VIEW_DASHBOARD', 'ADMIN_MASTER', '1', NULL, NULL, '0.00', '1', '49.37.113.205', '2026-02-11 04:47:43');
INSERT INTO `AUDIT_LOG` VALUES ('222', 'VIEW_DASHBOARD', 'ADMIN_MASTER', '1', NULL, NULL, '0.00', '1', '49.37.113.205', '2026-02-11 04:47:43');
INSERT INTO `AUDIT_LOG` VALUES ('223', 'VIEW_DASHBOARD', 'ADMIN_MASTER', '1', NULL, NULL, '0.00', '1', '49.37.113.205', '2026-02-11 04:47:46');
INSERT INTO `AUDIT_LOG` VALUES ('224', 'VIEW_DASHBOARD', 'ADMIN_MASTER', '1', NULL, NULL, '0.00', '1', '49.37.113.205', '2026-02-11 04:47:46');
INSERT INTO `AUDIT_LOG` VALUES ('225', 'VIEW_DASHBOARD', 'ADMIN_MASTER', '1', NULL, NULL, '0.00', '1', '49.37.113.205', '2026-02-11 04:48:38');
INSERT INTO `AUDIT_LOG` VALUES ('226', 'VIEW_DASHBOARD', 'ADMIN_MASTER', '1', NULL, NULL, '0.00', '1', '49.37.113.205', '2026-02-11 04:48:38');
INSERT INTO `AUDIT_LOG` VALUES ('227', 'VIEW_DASHBOARD', 'ADMIN_MASTER', '1', NULL, NULL, '0.00', '1', '49.37.113.205', '2026-02-11 04:52:17');
INSERT INTO `AUDIT_LOG` VALUES ('228', 'VIEW_DASHBOARD', 'ADMIN_MASTER', '1', NULL, NULL, '0.00', '1', '49.37.113.205', '2026-02-11 04:52:17');
INSERT INTO `AUDIT_LOG` VALUES ('229', 'VIEW_DASHBOARD', 'ADMIN_MASTER', '1', NULL, NULL, '0.00', '1', '49.37.113.205', '2026-02-11 04:54:17');
INSERT INTO `AUDIT_LOG` VALUES ('230', 'VIEW_DASHBOARD', 'ADMIN_MASTER', '1', NULL, NULL, '0.00', '1', '49.37.113.205', '2026-02-11 04:54:17');
INSERT INTO `AUDIT_LOG` VALUES ('231', 'VIEW_DASHBOARD', 'ADMIN_MASTER', '1', NULL, NULL, '0.00', '1', '49.37.113.205', '2026-02-11 04:57:11');
INSERT INTO `AUDIT_LOG` VALUES ('232', 'VIEW_DASHBOARD', 'ADMIN_MASTER', '1', NULL, NULL, '0.00', '1', '49.37.113.205', '2026-02-11 04:57:11');
INSERT INTO `AUDIT_LOG` VALUES ('233', 'VIEW_DASHBOARD', 'ADMIN_MASTER', '1', NULL, NULL, '0.00', '1', '49.37.113.205', '2026-02-11 04:57:58');
INSERT INTO `AUDIT_LOG` VALUES ('234', 'VIEW_DASHBOARD', 'ADMIN_MASTER', '1', NULL, NULL, '0.00', '1', '49.37.113.205', '2026-02-11 04:57:58');
INSERT INTO `AUDIT_LOG` VALUES ('235', 'VIEW_DASHBOARD', 'ADMIN_MASTER', '1', NULL, NULL, '0.00', '1', '49.37.113.205', '2026-02-11 04:58:51');
INSERT INTO `AUDIT_LOG` VALUES ('236', 'VIEW_DASHBOARD', 'ADMIN_MASTER', '1', NULL, NULL, '0.00', '1', '49.37.113.205', '2026-02-11 04:58:51');
INSERT INTO `AUDIT_LOG` VALUES ('237', 'VIEW_DASHBOARD', 'ADMIN_MASTER', '1', NULL, NULL, '0.00', '1', '49.37.113.205', '2026-02-11 04:59:18');
INSERT INTO `AUDIT_LOG` VALUES ('238', 'VIEW_DASHBOARD', 'ADMIN_MASTER', '1', NULL, NULL, '0.00', '1', '49.37.113.205', '2026-02-11 04:59:18');
INSERT INTO `AUDIT_LOG` VALUES ('239', 'VIEW_DASHBOARD', 'ADMIN_MASTER', '1', NULL, NULL, '0.00', '1', '49.37.113.205', '2026-02-11 04:59:53');
INSERT INTO `AUDIT_LOG` VALUES ('240', 'VIEW_DASHBOARD', 'ADMIN_MASTER', '1', NULL, NULL, '0.00', '1', '49.37.113.205', '2026-02-11 04:59:53');
INSERT INTO `AUDIT_LOG` VALUES ('241', 'VIEW_DASHBOARD', 'ADMIN_MASTER', '1', NULL, NULL, '0.00', '1', '49.37.113.205', '2026-02-11 05:00:16');
INSERT INTO `AUDIT_LOG` VALUES ('242', 'VIEW_DASHBOARD', 'ADMIN_MASTER', '1', NULL, NULL, '0.00', '1', '49.37.113.205', '2026-02-11 05:00:16');
INSERT INTO `AUDIT_LOG` VALUES ('243', 'VIEW_DASHBOARD', 'ADMIN_MASTER', '1', NULL, NULL, '0.00', '1', '49.37.113.205', '2026-02-11 05:00:55');
INSERT INTO `AUDIT_LOG` VALUES ('244', 'VIEW_DASHBOARD', 'ADMIN_MASTER', '1', NULL, NULL, '0.00', '1', '49.37.113.205', '2026-02-11 05:00:55');
INSERT INTO `AUDIT_LOG` VALUES ('245', 'VIEW_DASHBOARD', 'ADMIN_MASTER', '1', NULL, NULL, '0.00', '1', '49.37.113.205', '2026-02-11 05:03:10');
INSERT INTO `AUDIT_LOG` VALUES ('246', 'VIEW_DASHBOARD', 'ADMIN_MASTER', '1', NULL, NULL, '0.00', '1', '49.37.113.205', '2026-02-11 05:03:10');
INSERT INTO `AUDIT_LOG` VALUES ('247', 'VIEW_DASHBOARD', 'ADMIN_MASTER', '1', NULL, NULL, '0.00', '1', '49.37.113.205', '2026-02-11 05:03:16');
INSERT INTO `AUDIT_LOG` VALUES ('248', 'VIEW_DASHBOARD', 'ADMIN_MASTER', '1', NULL, NULL, '0.00', '1', '49.37.113.205', '2026-02-11 05:03:16');
INSERT INTO `AUDIT_LOG` VALUES ('249', 'VIEW_DASHBOARD', 'ADMIN_MASTER', '1', NULL, NULL, '0.00', '1', '49.37.113.205', '2026-02-11 05:03:33');
INSERT INTO `AUDIT_LOG` VALUES ('250', 'VIEW_DASHBOARD', 'ADMIN_MASTER', '1', NULL, NULL, '0.00', '1', '49.37.113.205', '2026-02-11 05:03:33');
INSERT INTO `AUDIT_LOG` VALUES ('251', 'VIEW_DASHBOARD', 'ADMIN_MASTER', '1', NULL, NULL, '0.00', '1', '49.37.113.205', '2026-02-11 05:04:46');
INSERT INTO `AUDIT_LOG` VALUES ('252', 'VIEW_DASHBOARD', 'ADMIN_MASTER', '1', NULL, NULL, '0.00', '1', '49.37.113.205', '2026-02-11 05:04:46');
INSERT INTO `AUDIT_LOG` VALUES ('253', 'VIEW_DASHBOARD', 'ADMIN_MASTER', '1', NULL, NULL, '0.00', '1', '49.37.113.205', '2026-02-11 05:04:53');
INSERT INTO `AUDIT_LOG` VALUES ('254', 'VIEW_DASHBOARD', 'ADMIN_MASTER', '1', NULL, NULL, '0.00', '1', '49.37.113.205', '2026-02-11 05:04:53');
INSERT INTO `AUDIT_LOG` VALUES ('255', 'VIEW_DASHBOARD', 'ADMIN_MASTER', '1', NULL, NULL, '0.00', '1', '49.37.113.205', '2026-02-11 05:05:37');
INSERT INTO `AUDIT_LOG` VALUES ('256', 'VIEW_DASHBOARD', 'ADMIN_MASTER', '1', NULL, NULL, '0.00', '1', '49.37.113.205', '2026-02-11 05:05:37');
INSERT INTO `AUDIT_LOG` VALUES ('257', 'VIEW_DASHBOARD', 'ADMIN_MASTER', '1', NULL, NULL, '0.00', '1', '49.37.113.205', '2026-02-11 05:09:49');
INSERT INTO `AUDIT_LOG` VALUES ('258', 'VIEW_DASHBOARD', 'ADMIN_MASTER', '1', NULL, NULL, '0.00', '1', '49.37.113.205', '2026-02-11 05:09:49');
INSERT INTO `AUDIT_LOG` VALUES ('259', 'VIEW_DASHBOARD', 'ADMIN_MASTER', '1', NULL, NULL, '0.00', '1', '49.37.113.205', '2026-02-11 05:09:55');
INSERT INTO `AUDIT_LOG` VALUES ('260', 'VIEW_DASHBOARD', 'ADMIN_MASTER', '1', NULL, NULL, '0.00', '1', '49.37.113.205', '2026-02-11 05:09:55');
INSERT INTO `AUDIT_LOG` VALUES ('261', 'LOGIN', 'ADMIN_MASTER', '1', NULL, NULL, '0.00', '1', '49.37.113.205', '2026-02-11 05:46:07');
INSERT INTO `AUDIT_LOG` VALUES ('262', 'VIEW_DASHBOARD', 'ADMIN_MASTER', '1', NULL, NULL, '0.00', '1', '49.37.113.205', '2026-02-11 05:46:08');
INSERT INTO `AUDIT_LOG` VALUES ('263', 'VIEW_DASHBOARD', 'ADMIN_MASTER', '1', NULL, NULL, '0.00', '1', '49.37.113.205', '2026-02-11 05:46:08');
DROP TABLE IF EXISTS `BACKUP_LOG`;
CREATE TABLE `BACKUP_LOG` (
  `BACKUP_ID` int(11) NOT NULL AUTO_INCREMENT,
  `FILE_NAME` varchar(255) DEFAULT NULL,
  `FILE_SIZE_MB` decimal(10,2) DEFAULT NULL,
  `CREATED_BY` int(11) DEFAULT NULL,
  `CREATED_AT` datetime DEFAULT current_timestamp(),
  PRIMARY KEY (`BACKUP_ID`),
  KEY `CREATED_BY` (`CREATED_BY`)
) ENGINE=MyISAM AUTO_INCREMENT=10 DEFAULT CHARSET=latin1 COLLATE=latin1_swedish_ci;

INSERT INTO `BACKUP_LOG` VALUES ('1', 'db_backup_2026-02-09_183013.sql', '0.06', '1', '2026-02-09 05:00:13');
INSERT INTO `BACKUP_LOG` VALUES ('2', 'db_backup_2026-02-09_183016.sql', '0.06', '1', '2026-02-09 05:00:16');
INSERT INTO `BACKUP_LOG` VALUES ('3', 'db_backup_2026-02-09_183043.sql', '0.06', '1', '2026-02-09 05:00:43');
INSERT INTO `BACKUP_LOG` VALUES ('4', 'db_backup_2026-02-09_183117.sql', '0.06', '1', '2026-02-09 05:01:17');
INSERT INTO `BACKUP_LOG` VALUES ('5', 'db_backup_2026-02-09_183718.sql', '0.06', '1', '2026-02-09 05:07:17');
INSERT INTO `BACKUP_LOG` VALUES ('6', 'db_backup_2026-02-09_183948.sql', '0.06', '1', '2026-02-09 05:09:48');
INSERT INTO `BACKUP_LOG` VALUES ('7', 'db_backup_2026-02-09_184112.sql', '0.06', '1', '2026-02-09 05:11:12');
INSERT INTO `BACKUP_LOG` VALUES ('8', 'db_backup_2026-02-09_184119.sql', '0.06', '1', '2026-02-09 05:11:19');
INSERT INTO `BACKUP_LOG` VALUES ('9', 'db_backup_2026-02-09_184232.sql', '0.06', '1', '2026-02-09 05:12:32');
DROP TABLE IF EXISTS `COURSES`;
CREATE TABLE `COURSES` (
  `COURSE_ID` int(11) NOT NULL AUTO_INCREMENT,
  `COURSE_CODE` varchar(10) DEFAULT NULL,
  `COURSE_NAME` varchar(120) NOT NULL,
  `DURATION_YEARS` int(11) DEFAULT NULL,
  `STATUS` char(1) DEFAULT 'A',
  PRIMARY KEY (`COURSE_ID`),
  UNIQUE KEY `COURSE_CODE` (`COURSE_CODE`)
) ENGINE=MyISAM AUTO_INCREMENT=11 DEFAULT CHARSET=latin1 COLLATE=latin1_swedish_ci;

INSERT INTO `COURSES` VALUES ('1', 'BCA', 'Bachelor of Computer Applications', '3', 'A');
INSERT INTO `COURSES` VALUES ('2', 'BES', 'Bachelor of Electronics Science', '3', 'A');
INSERT INTO `COURSES` VALUES ('3', 'DCE', 'Diploma in Civil Engineering', '3', 'A');
INSERT INTO `COURSES` VALUES ('4', 'FIT', 'Trade - Fitter', '2', 'A');
INSERT INTO `COURSES` VALUES ('5', 'EMC', 'Trade - Electonics Mechanics', '2', 'A');
INSERT INTO `COURSES` VALUES ('6', 'ELT', 'Trade - Electrician', '2', 'A');
INSERT INTO `COURSES` VALUES ('7', 'WLD', 'Trade - Welder', '1', 'A');
INSERT INTO `COURSES` VALUES ('8', 'DCSE', 'Diploma in Computer Science Engineering', '3', 'A');
INSERT INTO `COURSES` VALUES ('9', 'DME', 'Diploma in Mechanical Engineering', '3', 'A');
INSERT INTO `COURSES` VALUES ('10', 'DEE', 'Diploma in Electrical Engineering', '3', 'A');
DROP TABLE IF EXISTS `INVOICES`;
CREATE TABLE `INVOICES` (
  `INVOICE_ID` int(11) NOT NULL AUTO_INCREMENT,
  `PAYMENT_ID` int(11) NOT NULL,
  `STUDENT_ID` int(11) NOT NULL,
  `INVOICE_NO` varchar(50) DEFAULT NULL,
  `INVOICE_DATE` datetime DEFAULT current_timestamp(),
  `FILE_PATH` varchar(255) DEFAULT NULL,
  `GENERATED_BY` int(11) DEFAULT NULL,
  PRIMARY KEY (`INVOICE_ID`),
  UNIQUE KEY `INVOICE_NO` (`INVOICE_NO`),
  KEY `STUDENT_ID` (`STUDENT_ID`),
  KEY `GENERATED_BY` (`GENERATED_BY`),
  KEY `IDX_INVOICE_PAYMENT` (`PAYMENT_ID`)
) ENGINE=MyISAM AUTO_INCREMENT=12 DEFAULT CHARSET=latin1 COLLATE=latin1_swedish_ci;

INSERT INTO `INVOICES` VALUES ('1', '1', '75', 'HIT/25-26/00001', '2026-02-08 23:29:25', 'invoices/generated/INV_HIT/25-26/00001_1770622165.pdf', NULL);
INSERT INTO `INVOICES` VALUES ('2', '2', '76', 'HIT/25-26/00002', '2026-02-08 23:50:36', 'invoices/generated/INV_HIT/25-26/00002_1770623436.pdf', NULL);
INSERT INTO `INVOICES` VALUES ('3', '3', '76', 'HIT/25-26/00003', '2026-02-09 00:22:59', 'invoices/generated/INV_HIT/25-26/00003_1770625379.pdf', NULL);
INSERT INTO `INVOICES` VALUES ('4', '4', '59', 'HIT/25-26/00004', '2026-02-09 00:33:01', 'invoices/generated/INV_HIT/25-26/00004_1770625981.pdf', NULL);
INSERT INTO `INVOICES` VALUES ('5', '5', '59', 'HIT/25-26/00005', '2026-02-09 00:36:15', 'invoices/generated/INV_HIT/25-26/00005_1770626174.pdf', NULL);
INSERT INTO `INVOICES` VALUES ('6', '6', '48', 'HIT/25-26/00006', '2026-02-09 00:40:05', 'invoices/generated/INV_HIT/25-26/00006_1770626404.pdf', NULL);
INSERT INTO `INVOICES` VALUES ('7', '7', '1', 'RMIT/25-26/00001', '2026-02-09 02:10:59', 'invoices/generated/INV_RMIT/25-26/00001_1770631859.pdf', NULL);
INSERT INTO `INVOICES` VALUES ('8', '8', '22', 'RMIT/25-26/00002', '2026-02-09 04:16:33', 'invoices/generated/INV_RMIT/25-26/00002_1770639392.pdf', NULL);
INSERT INTO `INVOICES` VALUES ('9', '9', '22', 'RMIT/25-26/00003', '2026-02-09 04:17:00', 'invoices/generated/INV_RMIT/25-26/00003_1770639419.pdf', NULL);
INSERT INTO `INVOICES` VALUES ('10', '10', '3', 'RMIT/25-26/00004', '2026-02-10 00:48:58', 'invoices/generated/INV_RMIT/25-26/00004_1770713338.pdf', NULL);
INSERT INTO `INVOICES` VALUES ('11', '11', '3', 'RMIT/25-26/00005', '2026-02-10 00:58:46', 'invoices/generated/INV_RMIT/25-26/00005_1770713925.pdf', NULL);
DROP TABLE IF EXISTS `MASTER_FEES_DTL`;
CREATE TABLE `MASTER_FEES_DTL` (
  `FEES_DTL_ID` int(11) NOT NULL AUTO_INCREMENT,
  `COURSE_ID` int(11) NOT NULL,
  `FEES_HDR_ID` int(11) NOT NULL,
  `AMOUNT` decimal(10,2) NOT NULL,
  `ACTIVE_FLAG` char(1) DEFAULT 'A',
  `CREATED_DATE` timestamp NULL DEFAULT current_timestamp(),
  PRIMARY KEY (`FEES_DTL_ID`),
  UNIQUE KEY `COURSE_ID` (`COURSE_ID`,`FEES_HDR_ID`),
  KEY `FEES_HDR_ID` (`FEES_HDR_ID`),
  KEY `IDX_FEES_DTL_COURSE` (`COURSE_ID`)
) ENGINE=MyISAM AUTO_INCREMENT=91 DEFAULT CHARSET=latin1 COLLATE=latin1_swedish_ci;

INSERT INTO `MASTER_FEES_DTL` VALUES ('1', '1', '1', '18500.00', 'A', '2026-02-07 00:40:54');
INSERT INTO `MASTER_FEES_DTL` VALUES ('2', '1', '2', '7500.00', 'A', '2026-02-07 00:41:31');
INSERT INTO `MASTER_FEES_DTL` VALUES ('3', '1', '3', '1250.00', 'A', '2026-02-07 00:43:02');
INSERT INTO `MASTER_FEES_DTL` VALUES ('4', '1', '4', '1250.00', 'A', '2026-02-07 00:43:10');
INSERT INTO `MASTER_FEES_DTL` VALUES ('5', '1', '5', '1250.00', 'A', '2026-02-07 00:43:27');
INSERT INTO `MASTER_FEES_DTL` VALUES ('6', '1', '6', '3000.00', 'A', '2026-02-07 00:44:00');
INSERT INTO `MASTER_FEES_DTL` VALUES ('7', '1', '7', '1000.00', 'A', '2026-02-07 00:44:11');
INSERT INTO `MASTER_FEES_DTL` VALUES ('8', '1', '11', '250.00', 'A', '2026-02-07 00:47:36');
INSERT INTO `MASTER_FEES_DTL` VALUES ('9', '1', '12', '18500.00', 'A', '2026-02-07 00:47:57');
INSERT INTO `MASTER_FEES_DTL` VALUES ('10', '1', '13', '6000.00', 'A', '2026-02-07 00:48:24');
INSERT INTO `MASTER_FEES_DTL` VALUES ('11', '1', '8', '750.00', 'A', '2026-02-07 00:48:37');
INSERT INTO `MASTER_FEES_DTL` VALUES ('12', '1', '9', '2250.00', 'A', '2026-02-07 00:48:54');
INSERT INTO `MASTER_FEES_DTL` VALUES ('13', '1', '10', '2500.00', 'A', '2026-02-07 00:49:06');
INSERT INTO `MASTER_FEES_DTL` VALUES ('14', '1', '14', '500.00', 'A', '2026-02-07 00:49:18');
INSERT INTO `MASTER_FEES_DTL` VALUES ('15', '1', '15', '500.00', 'A', '2026-02-07 00:49:27');
INSERT INTO `MASTER_FEES_DTL` VALUES ('16', '2', '1', '18500.00', 'A', '2026-02-07 00:49:48');
INSERT INTO `MASTER_FEES_DTL` VALUES ('17', '2', '2', '7500.00', 'A', '2026-02-07 00:49:48');
INSERT INTO `MASTER_FEES_DTL` VALUES ('18', '2', '3', '1250.00', 'A', '2026-02-07 00:49:48');
INSERT INTO `MASTER_FEES_DTL` VALUES ('19', '2', '4', '1250.00', 'A', '2026-02-07 00:49:48');
INSERT INTO `MASTER_FEES_DTL` VALUES ('20', '2', '5', '1250.00', 'A', '2026-02-07 00:49:48');
INSERT INTO `MASTER_FEES_DTL` VALUES ('21', '2', '6', '3000.00', 'A', '2026-02-07 00:49:48');
INSERT INTO `MASTER_FEES_DTL` VALUES ('22', '2', '7', '1000.00', 'A', '2026-02-07 00:49:48');
INSERT INTO `MASTER_FEES_DTL` VALUES ('23', '2', '11', '250.00', 'A', '2026-02-07 00:49:48');
INSERT INTO `MASTER_FEES_DTL` VALUES ('24', '2', '12', '18500.00', 'A', '2026-02-07 00:49:48');
INSERT INTO `MASTER_FEES_DTL` VALUES ('25', '2', '13', '6000.00', 'A', '2026-02-07 00:49:48');
INSERT INTO `MASTER_FEES_DTL` VALUES ('26', '2', '8', '750.00', 'A', '2026-02-07 00:49:48');
INSERT INTO `MASTER_FEES_DTL` VALUES ('27', '2', '9', '2250.00', 'A', '2026-02-07 00:49:48');
INSERT INTO `MASTER_FEES_DTL` VALUES ('28', '2', '10', '2500.00', 'A', '2026-02-07 00:49:48');
INSERT INTO `MASTER_FEES_DTL` VALUES ('29', '2', '14', '500.00', 'A', '2026-02-07 00:49:48');
INSERT INTO `MASTER_FEES_DTL` VALUES ('30', '2', '15', '500.00', 'A', '2026-02-07 00:49:48');
INSERT INTO `MASTER_FEES_DTL` VALUES ('31', '3', '1', '18500.00', 'A', '2026-02-08 22:04:00');
INSERT INTO `MASTER_FEES_DTL` VALUES ('32', '3', '2', '7500.00', 'A', '2026-02-08 22:04:00');
INSERT INTO `MASTER_FEES_DTL` VALUES ('33', '3', '3', '1250.00', 'A', '2026-02-08 22:04:00');
INSERT INTO `MASTER_FEES_DTL` VALUES ('34', '3', '4', '1250.00', 'A', '2026-02-08 22:04:00');
INSERT INTO `MASTER_FEES_DTL` VALUES ('35', '3', '5', '1250.00', 'A', '2026-02-08 22:04:00');
INSERT INTO `MASTER_FEES_DTL` VALUES ('36', '3', '6', '3000.00', 'A', '2026-02-08 22:04:00');
INSERT INTO `MASTER_FEES_DTL` VALUES ('37', '3', '7', '1000.00', 'A', '2026-02-08 22:04:00');
INSERT INTO `MASTER_FEES_DTL` VALUES ('38', '3', '11', '250.00', 'A', '2026-02-08 22:04:00');
INSERT INTO `MASTER_FEES_DTL` VALUES ('39', '3', '12', '18500.00', 'A', '2026-02-08 22:04:00');
INSERT INTO `MASTER_FEES_DTL` VALUES ('40', '3', '13', '6000.00', 'A', '2026-02-08 22:04:00');
INSERT INTO `MASTER_FEES_DTL` VALUES ('41', '3', '8', '750.00', 'A', '2026-02-08 22:04:00');
INSERT INTO `MASTER_FEES_DTL` VALUES ('42', '3', '9', '2250.00', 'A', '2026-02-08 22:04:00');
INSERT INTO `MASTER_FEES_DTL` VALUES ('43', '3', '10', '2500.00', 'A', '2026-02-08 22:04:00');
INSERT INTO `MASTER_FEES_DTL` VALUES ('44', '3', '14', '500.00', 'A', '2026-02-08 22:04:00');
INSERT INTO `MASTER_FEES_DTL` VALUES ('45', '3', '15', '500.00', 'A', '2026-02-08 22:04:00');
INSERT INTO `MASTER_FEES_DTL` VALUES ('46', '8', '1', '18500.00', 'A', '2026-02-08 22:04:49');
INSERT INTO `MASTER_FEES_DTL` VALUES ('47', '8', '2', '7500.00', 'A', '2026-02-08 22:04:49');
INSERT INTO `MASTER_FEES_DTL` VALUES ('48', '8', '3', '1250.00', 'A', '2026-02-08 22:04:49');
INSERT INTO `MASTER_FEES_DTL` VALUES ('49', '8', '4', '1250.00', 'A', '2026-02-08 22:04:49');
INSERT INTO `MASTER_FEES_DTL` VALUES ('50', '8', '5', '1250.00', 'A', '2026-02-08 22:04:49');
INSERT INTO `MASTER_FEES_DTL` VALUES ('51', '8', '6', '3000.00', 'A', '2026-02-08 22:04:49');
INSERT INTO `MASTER_FEES_DTL` VALUES ('52', '8', '7', '1000.00', 'A', '2026-02-08 22:04:49');
INSERT INTO `MASTER_FEES_DTL` VALUES ('53', '8', '11', '250.00', 'A', '2026-02-08 22:04:49');
INSERT INTO `MASTER_FEES_DTL` VALUES ('54', '8', '12', '18500.00', 'A', '2026-02-08 22:04:49');
INSERT INTO `MASTER_FEES_DTL` VALUES ('55', '8', '13', '6000.00', 'A', '2026-02-08 22:04:49');
INSERT INTO `MASTER_FEES_DTL` VALUES ('56', '8', '8', '750.00', 'A', '2026-02-08 22:04:49');
INSERT INTO `MASTER_FEES_DTL` VALUES ('57', '8', '9', '2250.00', 'A', '2026-02-08 22:04:49');
INSERT INTO `MASTER_FEES_DTL` VALUES ('58', '8', '10', '2500.00', 'A', '2026-02-08 22:04:49');
INSERT INTO `MASTER_FEES_DTL` VALUES ('59', '8', '14', '500.00', 'A', '2026-02-08 22:04:49');
INSERT INTO `MASTER_FEES_DTL` VALUES ('60', '8', '15', '500.00', 'A', '2026-02-08 22:04:49');
INSERT INTO `MASTER_FEES_DTL` VALUES ('61', '9', '1', '18500.00', 'A', '2026-02-08 22:04:59');
INSERT INTO `MASTER_FEES_DTL` VALUES ('62', '9', '2', '7500.00', 'A', '2026-02-08 22:04:59');
INSERT INTO `MASTER_FEES_DTL` VALUES ('63', '9', '3', '1250.00', 'A', '2026-02-08 22:04:59');
INSERT INTO `MASTER_FEES_DTL` VALUES ('64', '9', '4', '1250.00', 'A', '2026-02-08 22:04:59');
INSERT INTO `MASTER_FEES_DTL` VALUES ('65', '9', '5', '1250.00', 'A', '2026-02-08 22:04:59');
INSERT INTO `MASTER_FEES_DTL` VALUES ('66', '9', '6', '3000.00', 'A', '2026-02-08 22:04:59');
INSERT INTO `MASTER_FEES_DTL` VALUES ('67', '9', '7', '1000.00', 'A', '2026-02-08 22:04:59');
INSERT INTO `MASTER_FEES_DTL` VALUES ('68', '9', '8', '750.00', 'A', '2026-02-08 22:04:59');
INSERT INTO `MASTER_FEES_DTL` VALUES ('69', '9', '9', '2250.00', 'A', '2026-02-08 22:04:59');
INSERT INTO `MASTER_FEES_DTL` VALUES ('70', '9', '10', '2500.00', 'A', '2026-02-08 22:04:59');
INSERT INTO `MASTER_FEES_DTL` VALUES ('71', '9', '11', '250.00', 'A', '2026-02-08 22:04:59');
INSERT INTO `MASTER_FEES_DTL` VALUES ('72', '9', '12', '18500.00', 'A', '2026-02-08 22:04:59');
INSERT INTO `MASTER_FEES_DTL` VALUES ('73', '9', '13', '6000.00', 'A', '2026-02-08 22:04:59');
INSERT INTO `MASTER_FEES_DTL` VALUES ('74', '9', '14', '500.00', 'A', '2026-02-08 22:04:59');
INSERT INTO `MASTER_FEES_DTL` VALUES ('75', '9', '15', '500.00', 'A', '2026-02-08 22:04:59');
INSERT INTO `MASTER_FEES_DTL` VALUES ('76', '10', '1', '18500.00', 'A', '2026-02-08 22:05:11');
INSERT INTO `MASTER_FEES_DTL` VALUES ('77', '10', '2', '7500.00', 'A', '2026-02-08 22:05:11');
INSERT INTO `MASTER_FEES_DTL` VALUES ('78', '10', '3', '1250.00', 'A', '2026-02-08 22:05:11');
INSERT INTO `MASTER_FEES_DTL` VALUES ('79', '10', '4', '1250.00', 'A', '2026-02-08 22:05:11');
INSERT INTO `MASTER_FEES_DTL` VALUES ('80', '10', '5', '1250.00', 'A', '2026-02-08 22:05:11');
INSERT INTO `MASTER_FEES_DTL` VALUES ('81', '10', '6', '3000.00', 'A', '2026-02-08 22:05:11');
INSERT INTO `MASTER_FEES_DTL` VALUES ('82', '10', '7', '1000.00', 'A', '2026-02-08 22:05:11');
INSERT INTO `MASTER_FEES_DTL` VALUES ('83', '10', '8', '750.00', 'A', '2026-02-08 22:05:11');
INSERT INTO `MASTER_FEES_DTL` VALUES ('84', '10', '9', '2250.00', 'A', '2026-02-08 22:05:11');
INSERT INTO `MASTER_FEES_DTL` VALUES ('85', '10', '10', '2500.00', 'A', '2026-02-08 22:05:11');
INSERT INTO `MASTER_FEES_DTL` VALUES ('86', '10', '11', '250.00', 'A', '2026-02-08 22:05:11');
INSERT INTO `MASTER_FEES_DTL` VALUES ('87', '10', '12', '18500.00', 'A', '2026-02-08 22:05:11');
INSERT INTO `MASTER_FEES_DTL` VALUES ('88', '10', '13', '6000.00', 'A', '2026-02-08 22:05:11');
INSERT INTO `MASTER_FEES_DTL` VALUES ('89', '10', '14', '500.00', 'A', '2026-02-08 22:05:11');
INSERT INTO `MASTER_FEES_DTL` VALUES ('90', '10', '15', '500.00', 'A', '2026-02-08 22:05:11');
DROP TABLE IF EXISTS `MASTER_FEES_HDR`;
CREATE TABLE `MASTER_FEES_HDR` (
  `FEES_HDR_ID` int(11) NOT NULL AUTO_INCREMENT,
  `FEES_CODE` varchar(30) NOT NULL,
  `FEES_NAME` varchar(100) NOT NULL,
  `FEES_DESCRIPTION` varchar(200) DEFAULT NULL,
  `APPLICABLE_LEVEL` enum('COURSE','SEMESTER','YEAR','ONETIME','GLOBAL') NOT NULL,
  `MANDATORY_FLAG` char(1) DEFAULT 'Y',
  `REFUNDABLE_FLAG` char(1) DEFAULT 'N',
  `DISPLAY_ORDER` int(11) DEFAULT 1,
  `ACTIVE_FLAG` char(1) DEFAULT 'A',
  `CREATED_DATE` timestamp NULL DEFAULT current_timestamp(),
  `UPDATED_DATE` timestamp NULL DEFAULT NULL,
  PRIMARY KEY (`FEES_HDR_ID`),
  UNIQUE KEY `FEES_CODE` (`FEES_CODE`)
) ENGINE=MyISAM AUTO_INCREMENT=16 DEFAULT CHARSET=latin1 COLLATE=latin1_swedish_ci;

INSERT INTO `MASTER_FEES_HDR` VALUES ('1', 'TUI_FEE', 'Tuition Fee', 'Main Academic Fee', 'YEAR', 'Y', 'N', '1', 'A', '2026-02-06 23:21:17', NULL);
INSERT INTO `MASTER_FEES_HDR` VALUES ('2', 'ADM_FEE', 'Admission Fee', 'One-time fee at admission', 'YEAR', 'Y', 'N', '2', 'A', '2026-02-06 23:21:17', NULL);
INSERT INTO `MASTER_FEES_HDR` VALUES ('3', 'REG_FEE', 'Registration Fee', 'Annual registration charges', 'ONETIME', 'Y', 'N', '3', 'A', '2026-02-06 23:21:17', '2026-02-07 02:29:51');
INSERT INTO `MASTER_FEES_HDR` VALUES ('4', 'LIB_FEE', 'Library Fee', 'Access to library facilities', 'YEAR', 'Y', 'N', '4', 'A', '2026-02-06 23:21:17', '2026-02-07 04:15:32');
INSERT INTO `MASTER_FEES_HDR` VALUES ('5', 'LAB_FEE', 'Laboratory Fee', 'Practical lab usage charges', 'YEAR', 'Y', 'N', '5', 'A', '2026-02-06 23:21:17', '2026-02-07 04:15:47');
INSERT INTO `MASTER_FEES_HDR` VALUES ('6', 'EXM_FEE', 'Examination Fee', 'Semester exam fee', 'SEMESTER', 'N', 'N', '6', 'A', '2026-02-06 23:21:17', '2026-02-07 00:23:25');
INSERT INTO `MASTER_FEES_HDR` VALUES ('7', 'DEV_FEE', 'Development Fee', 'Infrastructure & development fund', 'YEAR', 'Y', 'N', '7', 'A', '2026-02-06 23:21:17', NULL);
INSERT INTO `MASTER_FEES_HDR` VALUES ('8', 'MED_FEE', 'Medical Fee', 'Health & medical facility charges', 'YEAR', 'Y', 'N', '11', 'A', '2026-02-06 23:21:17', NULL);
INSERT INTO `MASTER_FEES_HDR` VALUES ('9', 'ACT_FEE', 'Activity Fee', 'Cultural & extracurricular fund', 'YEAR', 'N', 'N', '12', 'A', '2026-02-06 23:21:17', '2026-02-07 04:16:27');
INSERT INTO `MASTER_FEES_HDR` VALUES ('10', 'SEC_FEE', 'Security Deposit', 'Refundable security deposit', 'ONETIME', 'Y', 'Y', '13', 'A', '2026-02-06 23:23:29', '2026-02-07 00:56:18');
INSERT INTO `MASTER_FEES_HDR` VALUES ('11', 'IDF_FEE', 'Identity Card Fee', 'Student ID card issuance', 'ONETIME', 'Y', 'N', '8', 'A', '2026-02-06 23:44:56', '2026-02-07 04:16:04');
INSERT INTO `MASTER_FEES_HDR` VALUES ('12', 'HSTL_FEE', 'Hostel Fee', 'Accommodation charges', 'YEAR', 'N', 'N', '9', 'A', '2026-02-06 23:45:32', NULL);
INSERT INTO `MASTER_FEES_HDR` VALUES ('13', 'TRN_FEE', 'Transport Fee', 'Bus/transport facility charges', 'YEAR', 'Y', 'N', '10', 'A', '2026-02-06 23:46:20', '2026-02-07 00:19:23');
INSERT INTO `MASTER_FEES_HDR` VALUES ('14', 'UNI_FEE', 'Uniform Fee', 'Standard institutional uniform', 'YEAR', 'Y', 'N', '14', 'A', '2026-02-07 00:28:22', '2026-02-07 00:31:04');
INSERT INTO `MASTER_FEES_HDR` VALUES ('15', 'KIT_FEE', 'Kit Fee', 'Starter kit (books, stationery)', 'YEAR', 'Y', 'N', '15', 'A', '2026-02-07 00:28:51', '2026-02-07 00:31:21');
DROP TABLE IF EXISTS `PAYMENTS`;
CREATE TABLE `PAYMENTS` (
  `PAYMENT_ID` int(11) NOT NULL AUTO_INCREMENT,
  `STUDENT_ID` int(11) NOT NULL,
  `RECEIPT_NO` varchar(50) NOT NULL,
  `PAID_AMOUNT` decimal(10,2) NOT NULL,
  `PAYMENT_MODE` enum('CASH','UPI','CARD','NETBANKING') NOT NULL,
  `PAYMENT_STATUS` enum('SUCCESS','REFUNDED','CANCELLED') NOT NULL DEFAULT 'SUCCESS',
  `TXN_REF` varchar(100) DEFAULT NULL,
  `REMARKS` text DEFAULT NULL,
  `PAYMENT_DATE` datetime DEFAULT current_timestamp(),
  `COLLECTED_BY` int(11) DEFAULT NULL,
  PRIMARY KEY (`PAYMENT_ID`),
  UNIQUE KEY `RECEIPT_NO` (`RECEIPT_NO`),
  KEY `COLLECTED_BY` (`COLLECTED_BY`),
  KEY `IDX_PAYMENT_STUDENT` (`STUDENT_ID`),
  KEY `IDX_PAYMENT_DATE` (`PAYMENT_DATE`)
) ENGINE=MyISAM AUTO_INCREMENT=12 DEFAULT CHARSET=latin1 COLLATE=latin1_swedish_ci;

INSERT INTO `PAYMENTS` VALUES ('1', '75', 'HIT/25-26/00001', '41250.00', 'CASH', 'SUCCESS', 'TEST-INVOICE-1 HIT - DCSE AARAV SWAIN', 'Settled: 1. {Tuition Fee} (Rs. 18500.00), 2. {Admission Fee} (Rs. 7500.00), 3. {Transport Fee} (Rs. 6000.00), 4. {Security Deposit} (Rs. 2500.00), 5. {Registration Fee} (Rs. 1250.00), 6. {Library Fee} (Rs. 1250.00), 7. {Laboratory Fee} (Rs. 1250.00), 8. {Development Fee} (Rs. 1000.00), 9. {Medical Fee} (Rs. 750.00), 10. {Uniform Fee} (Rs. 500.00), 11. {Kit Fee} (Rs. 500.00), 12. {Identity Card Fee} (Rs. 250.00) TEST-INVOICE-1 HIT - DCSE AARAV SWAIN', '2026-02-08 23:29:23', '1');
INSERT INTO `PAYMENTS` VALUES ('2', '76', 'HIT/25-26/00002', '18500.00', 'CASH', 'SUCCESS', 'TEST-INVOICE-2 RIYA PATRA 18500.00', 'Settled: 1. {Tuition Fee} (Rs. 18500.00) TEST-INVOICE-2 RIYA PATRA 18500.00', '2026-02-08 23:50:35', '1');
INSERT INTO `PAYMENTS` VALUES ('3', '76', 'HIT/25-26/00003', '22750.00', 'CASH', 'SUCCESS', '', 'Settled: 1. {Admission Fee} (Rs. 7500.00), 2. {Transport Fee} (Rs. 6000.00), 3. {Security Deposit} (Rs. 2500.00), 4. {Registration Fee} (Rs. 1250.00), 5. {Library Fee} (Rs. 1250.00), 6. {Laboratory Fee} (Rs. 1250.00), 7. {Development Fee} (Rs. 1000.00), 8. {Medical Fee} (Rs. 750.00), 9. {Uniform Fee} (Rs. 500.00), 10. {Kit Fee} (Rs. 500.00), 11. {Identity Card Fee} (Rs. 250.00) ', '2026-02-09 00:22:57', '1');
INSERT INTO `PAYMENTS` VALUES ('4', '59', 'HIT/25-26/00004', '26000.00', 'CASH', 'SUCCESS', '', 'Settled: 1. {Tuition Fee} (Rs. 18500.00), 2. {Admission Fee} (Rs. 7500.00) ', '2026-02-09 00:33:00', '1');
INSERT INTO `PAYMENTS` VALUES ('5', '59', 'HIT/25-26/00005', '15250.00', 'CASH', 'SUCCESS', '', 'Settled: 1. {Transport Fee} (Rs. 6000.00), 2. {Security Deposit} (Rs. 2500.00), 3. {Registration Fee} (Rs. 1250.00), 4. {Library Fee} (Rs. 1250.00), 5. {Laboratory Fee} (Rs. 1250.00), 6. {Development Fee} (Rs. 1000.00), 7. {Medical Fee} (Rs. 750.00), 8. {Uniform Fee} (Rs. 500.00), 9. {Kit Fee} (Rs. 500.00), 10. {Identity Card Fee} (Rs. 250.00) ', '2026-02-09 00:36:14', '1');
INSERT INTO `PAYMENTS` VALUES ('6', '48', 'HIT/25-26/00006', '27250.00', 'CASH', 'SUCCESS', 'TEST-INVOICE-3 ', 'Settled: 1. {Tuition Fee} (Rs. 18500.00), 2. {Admission Fee} (Rs. 7500.00), 3. {Registration Fee} (Rs. 1250.00) TEST-INVOICE-3 ', '2026-02-09 00:40:04', '1');
INSERT INTO `PAYMENTS` VALUES ('7', '1', 'RMIT/25-26/00001', '18500.00', 'CASH', 'SUCCESS', 'RMITBCA001', 'Settled: 1. {Tuition Fee} (Rs. 18500.00) RMITBCA001', '2026-02-09 02:10:58', '1');
INSERT INTO `PAYMENTS` VALUES ('8', '22', 'RMIT/25-26/00002', '18500.00', 'CASH', 'SUCCESS', 'RMIT/BES/26012', 'Settled: 1. {Tuition Fee} (Rs. 18500.00) RMIT/BES/26012', '2026-02-09 04:16:32', '1');
INSERT INTO `PAYMENTS` VALUES ('9', '22', 'RMIT/25-26/00003', '7500.00', 'UPI', 'SUCCESS', 'RMIT/BES/26012 UPI/GPAY', 'Settled: 1. {Admission Fee} (Rs. 7500.00) RMIT/BES/26012 UPI/GPAY', '2026-02-09 04:16:59', '1');
INSERT INTO `PAYMENTS` VALUES ('10', '3', 'RMIT/25-26/00004', '26000.00', 'CASH', 'SUCCESS', 'TEST-INVOICE-3 BCA RMIT/BCA/26003', 'Settled: 1. {Tuition Fee} (Rs. 18500.00), 2. {Admission Fee} (Rs. 7500.00) TEST-INVOICE-3 BCA RMIT/BCA/26003', '2026-02-10 00:48:57', '1');
INSERT INTO `PAYMENTS` VALUES ('11', '3', 'RMIT/25-26/00005', '8500.00', 'CASH', 'SUCCESS', 'TEST-INVOICE-2 RMITBCA003', 'Settled: 1. {Security Deposit} (Rs. 2500.00), 2. {Registration Fee} (Rs. 1250.00), 3. {Library Fee} (Rs. 1250.00), 4. {Laboratory Fee} (Rs. 1250.00), 5. {Development Fee} (Rs. 1000.00), 6. {Uniform Fee} (Rs. 500.00), 7. {Kit Fee} (Rs. 500.00), 8. {Identity Card Fee} (Rs. 250.00) TEST-INVOICE-2 RMITBCA003', '2026-02-10 00:58:45', '1');
DROP TABLE IF EXISTS `STUDENTS`;
CREATE TABLE `STUDENTS` (
  `STUDENT_ID` int(11) NOT NULL AUTO_INCREMENT,
  `REGISTRATION_NO` varchar(30) NOT NULL,
  `ROLL_NO` varchar(50) NOT NULL,
  `FIRST_NAME` varchar(80) NOT NULL,
  `LAST_NAME` varchar(80) DEFAULT NULL,
  `GENDER` enum('MALE','FEMALE','OTHER') DEFAULT NULL,
  `DOB` date DEFAULT NULL,
  `MOBILE` varchar(20) DEFAULT NULL,
  `EMAIL` varchar(120) DEFAULT NULL,
  `ADDRESS` varchar(250) DEFAULT NULL,
  `CITY` varchar(100) DEFAULT NULL,
  `STATE` varchar(100) DEFAULT NULL,
  `PINCODE` varchar(10) DEFAULT NULL,
  `COURSE_ID` int(11) NOT NULL,
  `SEMESTER` int(11) DEFAULT NULL,
  `ADMISSION_DATE` date DEFAULT NULL,
  `STATUS` char(1) DEFAULT 'A',
  `CREATED_AT` timestamp NULL DEFAULT current_timestamp(),
  `UPDATED_AT` timestamp NULL DEFAULT NULL,
  PRIMARY KEY (`STUDENT_ID`),
  UNIQUE KEY `REGISTRATION_NO` (`REGISTRATION_NO`),
  UNIQUE KEY `ROLL_NO` (`ROLL_NO`),
  KEY `IDX_STUDENT_ROLL` (`ROLL_NO`),
  KEY `IDX_STUDENT_REG` (`REGISTRATION_NO`),
  KEY `IDX_STUDENT_COURSE` (`COURSE_ID`)
) ENGINE=MyISAM AUTO_INCREMENT=83 DEFAULT CHARSET=latin1 COLLATE=latin1_swedish_ci;

INSERT INTO `STUDENTS` VALUES ('1', 'RMIT/BCA/26001', 'RMITBCA001', 'Priya', 'Sahu', 'FEMALE', '2005-03-12', '9876500001', 'priya.sahu@example.com', '45, College Road', 'Ganjam', 'Odisha', '760002', '1', '1', '2026-01-01', 'A', '2026-02-08 22:22:11', NULL);
INSERT INTO `STUDENTS` VALUES ('2', 'RMIT/BCA/26002', 'RMITBCA002', 'Ramesh', 'Patnaik', 'MALE', '2004-07-25', '9876500002', 'ramesh.p@example.com', '12, Market Street', 'Ganjam', 'Odisha', '760003', '1', '1', '2026-01-01', 'A', '2026-02-08 22:22:11', NULL);
INSERT INTO `STUDENTS` VALUES ('3', 'RMIT/BCA/26003', 'RMITBCA003', 'Sneha', 'Mishra', 'FEMALE', '2005-11-09', '9876500003', 'sneha.m@example.com', '78, Temple Lane', 'Ganjam', 'Odisha', '760004', '1', '1', '2026-01-01', 'A', '2026-02-08 22:22:11', NULL);
INSERT INTO `STUDENTS` VALUES ('4', 'RMIT/BCA/26004', 'RMITBCA004', 'Ankit', 'Das', 'MALE', '2006-02-18', '9876500004', 'ankit.d@example.com', '34, Station Road', 'Ganjam', 'Odisha', '760005', '1', '1', '2026-01-01', 'A', '2026-02-08 22:22:11', NULL);
INSERT INTO `STUDENTS` VALUES ('5', 'RMIT/BCA/26005', 'RMITBCA005', 'Meera', 'Swain', 'FEMALE', '2004-06-22', '9876500005', 'meera.s@example.com', '56, Academic Block', 'Ganjam', 'Odisha', '760006', '1', '1', '2026-01-01', 'A', '2026-02-08 22:22:11', NULL);
INSERT INTO `STUDENTS` VALUES ('6', 'RMIT/BCA/26006', 'RMITBCA006', 'Rajesh', 'Nayak', 'MALE', '2005-01-30', '9876500006', 'rajesh.n@example.com', '90, Hill View', 'Ganjam', 'Odisha', '760007', '1', '1', '2026-01-01', 'A', '2026-02-08 22:22:11', NULL);
INSERT INTO `STUDENTS` VALUES ('7', 'RMIT/BCA/26007', 'RMITBCA007', 'Kavita', 'Panda', 'FEMALE', '2005-08-14', '9876500007', 'kavita.p@example.com', '21, River Side', 'Ganjam', 'Odisha', '760008', '1', '1', '2026-01-01', 'A', '2026-02-08 22:22:11', NULL);
INSERT INTO `STUDENTS` VALUES ('8', 'RMIT/BCA/26008', 'RMITBCA008', 'Manoj', 'Behera', 'MALE', '2004-05-05', '9876500008', 'manoj.b@example.com', '67, College Square', 'Ganjam', 'Odisha', '760009', '1', '1', '2026-01-01', 'A', '2026-02-08 22:22:11', NULL);
INSERT INTO `STUDENTS` VALUES ('9', 'RMIT/BCA/26009', 'RMITBCA009', 'Pooja', 'Mohanty', 'FEMALE', '2005-09-19', '9876500009', 'pooja.m@example.com', '11, Gandhi Nagar', 'Ganjam', 'Odisha', '760010', '1', '1', '2026-01-01', 'A', '2026-02-08 22:22:11', NULL);
INSERT INTO `STUDENTS` VALUES ('10', 'RMIT/BCA/26010', 'RMITBCA010', 'Sandeep', 'Jena', 'MALE', '2004-12-02', '9876500010', 'sandeep.j@example.com', '88, Main Road', 'Ganjam', 'Odisha', '760011', '1', '1', '2026-01-01', 'A', '2026-02-08 22:22:11', NULL);
INSERT INTO `STUDENTS` VALUES ('11', 'RMIT/BCA/26011', 'RMITBCA011', 'Neha', 'Raut', 'FEMALE', '2005-01-15', '9876500011', 'neha.r@example.com', '23, Academic Lane', 'Ganjam', 'Odisha', '760012', '1', '1', '2026-01-01', 'A', '2026-02-08 22:22:11', NULL);
INSERT INTO `STUDENTS` VALUES ('12', 'RMIT/BCA/26012', 'RMITBCA012', 'Arjun', 'Patra', 'MALE', '2004-03-28', '9876500012', 'arjun.p@example.com', '44, College Hostel', 'Ganjam', 'Odisha', '760013', '1', '1', '2026-01-01', 'A', '2026-02-08 22:22:11', NULL);
INSERT INTO `STUDENTS` VALUES ('13', 'RMIT/BCA/26013', 'RMITBCA013', 'Swati', 'Das', 'FEMALE', '2005-07-07', '9876500013', 'swati.d@example.com', '19, Park Street', 'Ganjam', 'Odisha', '760014', '1', '1', '2026-01-01', 'A', '2026-02-08 22:22:11', NULL);
INSERT INTO `STUDENTS` VALUES ('14', 'RMIT/BCA/26014', 'RMITBCA014', 'Rohit', 'Tripathy', 'MALE', '2004-11-11', '9876500014', 'rohit.t@example.com', '64, College Hostel', 'Ganjam', 'Odisha', '760015', '1', '1', '2026-01-01', 'A', '2026-02-08 22:22:11', NULL);
INSERT INTO `STUDENTS` VALUES ('15', 'RMIT/BCA/26015', 'RMITBCA015', 'Ananya', 'Rath', 'FEMALE', '2006-04-27', '9876500015', 'ananya.r@example.com', '39, Academic Colony', 'Ganjam', 'Odisha', '760016', '1', '1', '2026-01-01', 'A', '2026-02-08 22:22:11', NULL);
INSERT INTO `STUDENTS` VALUES ('16', 'RMIT/BCA/26016', 'RMITBCA016', 'Deepak', 'Sahu', 'MALE', '2005-10-16', '9876500016', 'deepak.s@example.com', '73, Bus Stand Road', 'Ganjam', 'Odisha', '760017', '1', '1', '2026-01-01', 'A', '2026-02-08 22:22:11', NULL);
INSERT INTO `STUDENTS` VALUES ('17', 'RMIT/BCA/26017', 'RMITBCA017', 'Nisha', 'Patra', 'FEMALE', '2005-01-08', '9876500017', 'nisha.p@example.com', '25, Park Street', 'Ganjam', 'Odisha', '760018', '1', '1', '2026-01-01', 'A', '2026-02-08 22:22:11', NULL);
INSERT INTO `STUDENTS` VALUES ('18', 'RMIT/BCA/26018', 'RMITBCA018', 'Ashok', 'Tripathy', 'MALE', '2004-07-11', '9876500018', 'ashok.t@example.com', '64, College Hostel', 'Ganjam', 'Odisha', '760019', '1', '1', '2026-01-01', 'A', '2026-02-08 22:22:11', NULL);
INSERT INTO `STUDENTS` VALUES ('19', 'RMIT/BCA/26019', 'RMITBCA019', 'Ritu', 'Das', 'FEMALE', '2006-03-21', '9876500019', 'ritu.d@example.com', '19, Academic Road', 'Ganjam', 'Odisha', '760020', '1', '1', '2026-01-01', 'A', '2026-02-08 22:22:11', NULL);
INSERT INTO `STUDENTS` VALUES ('20', 'RMIT/BCA/26020', 'RMITBCA020', 'Ajay', 'Swain', 'MALE', '2005-06-06', '9876500020', 'ajay.s@example.com', '55, Temple Square', 'Ganjam', 'Odisha', '760021', '1', '1', '2026-01-01', 'A', '2026-02-08 22:22:11', NULL);
INSERT INTO `STUDENTS` VALUES ('21', 'RMIT/BES/26011', 'RMITBES011', 'Snehal', 'Panda', 'FEMALE', '2005-08-15', '9876500021', 'snehal.p@example.com', '22, College Road', 'Ganjam', 'Odisha', '760021', '2', '1', '2026-01-01', 'A', '2026-02-08 22:56:14', NULL);
INSERT INTO `STUDENTS` VALUES ('22', 'RMIT/BES/26012', 'RMITBES012', 'Abhishek', 'Das', 'MALE', '2004-02-19', '9876500022', 'abhishek.d@example.com', '33, Market Street', 'Ganjam', 'Odisha', '760022', '2', '1', '2026-01-01', 'A', '2026-02-08 22:56:14', NULL);
INSERT INTO `STUDENTS` VALUES ('23', 'RMIT/BES/26013', 'RMITBES013', 'Pallavi', 'Swain', 'FEMALE', '2006-07-07', '9876500023', 'pallavi.s@example.com', '44, Academic Block', 'Ganjam', 'Odisha', '760023', '2', '1', '2026-01-01', 'A', '2026-02-08 22:56:14', NULL);
INSERT INTO `STUDENTS` VALUES ('24', 'RMIT/BES/26014', 'RMITBES014', 'Vivek', 'Nayak', 'MALE', '2005-03-23', '9876500024', 'vivek.n@example.com', '55, Hill View', 'Ganjam', 'Odisha', '760024', '2', '1', '2026-01-01', 'A', '2026-02-08 22:56:14', NULL);
INSERT INTO `STUDENTS` VALUES ('25', 'RMIT/BES/26015', 'RMITBES015', 'Tanvi', 'Patra', 'FEMALE', '2004-12-02', '9876500025', 'tanvi.p@example.com', '66, Temple Lane', 'Ganjam', 'Odisha', '760025', '2', '1', '2026-01-01', 'A', '2026-02-08 22:56:14', NULL);
INSERT INTO `STUDENTS` VALUES ('26', 'RMIT/BES/26016', 'RMITBES016', 'Harish', 'Mohanty', 'MALE', '2005-06-18', '9876500026', 'harish.m@example.com', '77, College Square', 'Ganjam', 'Odisha', '760026', '2', '1', '2026-01-01', 'A', '2026-02-08 22:56:14', NULL);
INSERT INTO `STUDENTS` VALUES ('27', 'RMIT/BES/26017', 'RMITBES017', 'Roshni', 'Tripathy', 'FEMALE', '2005-09-09', '9876500027', 'roshni.t@example.com', '88, Gandhi Nagar', 'Ganjam', 'Odisha', '760027', '2', '1', '2026-01-01', 'A', '2026-02-08 22:56:14', NULL);
INSERT INTO `STUDENTS` VALUES ('28', 'RMIT/BES/26018', 'RMITBES018', 'Satyam', 'Jena', 'MALE', '2004-01-12', '9876500028', 'satyam.j@example.com', '99, Main Road', 'Ganjam', 'Odisha', '760028', '2', '1', '2026-01-01', 'A', '2026-02-08 22:56:14', NULL);
INSERT INTO `STUDENTS` VALUES ('29', 'RMIT/BES/26019', 'RMITBES019', 'Ishita', 'Raut', 'FEMALE', '2006-05-05', '9876500029', 'ishita.r@example.com', '11, Academic Lane', 'Ganjam', 'Odisha', '760029', '2', '1', '2026-01-01', 'A', '2026-02-08 22:56:14', NULL);
INSERT INTO `STUDENTS` VALUES ('30', 'RMIT/BES/26020', 'RMITBES020', 'Prakash', 'Patnaik', 'MALE', '2005-07-20', '9876500030', 'prakash.p@example.com', '22, College Road', 'Ganjam', 'Odisha', '760030', '2', '1', '2026-01-01', 'A', '2026-02-08 22:56:14', NULL);
INSERT INTO `STUDENTS` VALUES ('31', 'RMIT/BES/26007', 'RMITBES007', 'Shreya', 'Mohanty', 'FEMALE', '2005-02-13', '9876500037', 'shreya.m@example.com', '77, Academic Block', 'Ganjam', 'Odisha', '760018', '2', '1', '2026-01-01', 'A', '2026-02-08 22:58:18', NULL);
INSERT INTO `STUDENTS` VALUES ('32', 'RMIT/BES/26008', 'RMITBES008', 'Kunal', 'Behera', 'MALE', '2004-09-29', '9876500038', 'kunal.b@example.com', '31, Market Road', 'Ganjam', 'Odisha', '760019', '2', '1', '2026-01-01', 'A', '2026-02-08 22:58:18', NULL);
INSERT INTO `STUDENTS` VALUES ('33', 'RMIT/BES/26009', 'RMITBES009', 'Divya', 'Nayak', 'FEMALE', '2006-04-04', '9876500039', 'divya.n@example.com', '14, College Street', 'Ganjam', 'Odisha', '760020', '2', '1', '2026-01-01', 'A', '2026-02-08 22:58:18', NULL);
INSERT INTO `STUDENTS` VALUES ('34', 'RMIT/BES/26010', 'RMITBES010', 'Charan', 'Behera', 'MALE', '1999-05-11', '9876500040', 'charan.behera1@gmail.com', '14, College Street', 'Ganjam', 'Odisha', '760020', '2', '1', '2026-01-02', 'A', '2026-02-08 22:58:18', NULL);
INSERT INTO `STUDENTS` VALUES ('35', 'RMIT/BES/26001', 'RMITBES001', 'Ananya', 'Rath', 'FEMALE', '2006-04-27', '9876500131', 'ananya.r@example.com1', '39, Academic Colony', 'Ganjam', 'Odisha', '760012', '2', '1', '2026-01-01', 'A', '2026-02-08 23:02:11', NULL);
INSERT INTO `STUDENTS` VALUES ('36', 'RMIT/BES/26002', 'RMITBES002', 'Deepak', 'Sahu', 'MALE', '2005-10-16', '9876500132', 'deepak.s@example.com1', '73, Bus Stand Road', 'Ganjam', 'Odisha', '760013', '2', '1', '2026-01-01', 'A', '2026-02-08 23:02:11', NULL);
INSERT INTO `STUDENTS` VALUES ('37', 'RMIT/BES/26003', 'RMITBES003', 'Nisha', 'Patra', 'FEMALE', '2005-01-08', '9876500133', 'nisha.p@example.com1', '25, Park Street', 'Ganjam', 'Odisha', '760014', '2', '1', '2026-01-01', 'A', '2026-02-08 23:02:11', NULL);
INSERT INTO `STUDENTS` VALUES ('38', 'RMIT/BES/26004', 'RMITBES004', 'Ashok', 'Tripathy', 'MALE', '2004-07-11', '9876500134', 'ashok.t@example.com1', '64, College Hostel', 'Ganjam', 'Odisha', '760015', '2', '1', '2026-01-01', 'A', '2026-02-08 23:02:11', NULL);
INSERT INTO `STUDENTS` VALUES ('39', 'RMIT/BES/26005', 'RMITBES005', 'Ritu', 'Das', 'FEMALE', '2006-03-21', '9876500135', 'ritu.d@example.com1', '19, Academic Road', 'Ganjam', 'Odisha', '760016', '2', '1', '2026-01-01', 'A', '2026-02-08 23:02:11', NULL);
INSERT INTO `STUDENTS` VALUES ('40', 'RMIT/BES/26006', 'RMITBES006', 'Ajay', 'Swain', 'MALE', '2005-06-06', '9876500136', 'ajay.s@example.com1', '55, Temple Square', 'Ganjam', 'Odisha', '760017', '2', '1', '2026-01-01', 'A', '2026-02-08 23:02:11', NULL);
INSERT INTO `STUDENTS` VALUES ('41', 'HIT/DCE/26001', 'HITDCE001', 'Aarav', 'Mishra', 'MALE', '0000-00-00', '9876500101', 'aarav.m@example.com', '12, College Road', 'Ganjam', 'Odisha', '760031', '3', '1', '0000-00-00', 'A', '2026-02-08 23:23:46', NULL);
INSERT INTO `STUDENTS` VALUES ('42', 'HIT/DCE/26002', 'HITDCE002', 'Riya', 'Patnaik', 'FEMALE', '0000-00-00', '9876500102', 'riya.p@example.com', '34, Market Street', 'Ganjam', 'Odisha', '760032', '3', '1', '0000-00-00', 'A', '2026-02-08 23:23:46', NULL);
INSERT INTO `STUDENTS` VALUES ('43', 'HIT/DCE/26003', 'HITDCE003', 'Karan', 'Swain', 'MALE', '0000-00-00', '9876500103', 'karan.s@example.com', '56, Temple Lane', 'Ganjam', 'Odisha', '760033', '3', '1', '0000-00-00', 'A', '2026-02-08 23:23:46', NULL);
INSERT INTO `STUDENTS` VALUES ('44', 'HIT/DCE/26004', 'HITDCE004', 'Sneha', 'Nayak', 'FEMALE', '0000-00-00', '9876500104', 'sneha.n@example.com', '78, Station Road', 'Ganjam', 'Odisha', '760034', '3', '1', '0000-00-00', 'A', '2026-02-08 23:23:46', NULL);
INSERT INTO `STUDENTS` VALUES ('45', 'HIT/DCE/26005', 'HITDCE005', 'Aditya', 'Behera', 'MALE', '0000-00-00', '9876500105', 'aditya.b@example.com', '90, Academic Block', 'Ganjam', 'Odisha', '760035', '3', '1', '0000-00-00', 'A', '2026-02-08 23:23:46', NULL);
INSERT INTO `STUDENTS` VALUES ('46', 'HIT/DCE/26009', 'HITDCE009', 'Manoj', 'Das', 'MALE', '0000-00-00', '9876500109', 'manoj.d@example.com', '88, Gandhi Nagar', 'Ganjam', 'Odisha', '760039', '3', '1', '0000-00-00', 'A', '2026-02-08 23:23:46', NULL);
INSERT INTO `STUDENTS` VALUES ('47', 'HIT/DME/26001', 'HITDME001', 'Rohit', 'Patra', 'MALE', '0000-00-00', '9876500111', 'rohit.p@example.com', '23, Academic Lane', 'Ganjam', 'Odisha', '760041', '9', '1', '0000-00-00', 'A', '2026-02-08 23:23:46', NULL);
INSERT INTO `STUDENTS` VALUES ('48', 'HIT/DME/26003', 'HITDME003', 'Arjun', 'Tripathy', 'MALE', '0000-00-00', '9876500113', 'arjun.t@example.com', '19, Park Street', 'Ganjam', 'Odisha', '760043', '9', '1', '0000-00-00', 'A', '2026-02-08 23:23:46', NULL);
INSERT INTO `STUDENTS` VALUES ('49', 'HIT/DME/26004', 'HITDME004', 'Pallavi', 'Rath', 'FEMALE', '0000-00-00', '9876500114', 'pallavi.r@example.com', '64, College Hostel', 'Ganjam', 'Odisha', '760044', '9', '1', '0000-00-00', 'A', '2026-02-08 23:23:46', NULL);
INSERT INTO `STUDENTS` VALUES ('50', 'HIT/DEE/26001', 'HITDEE001', 'Ananya', 'Swain', 'FEMALE', '0000-00-00', '9876500121', 'ananya.s@example.com', '12, College Road', 'Ganjam', 'Odisha', '760051', '10', '1', '0000-00-00', 'A', '2026-02-08 23:23:46', NULL);
INSERT INTO `STUDENTS` VALUES ('51', 'HIT/DEE/26005', 'HITDEE005', 'Meera', 'Nayak', 'FEMALE', '0000-00-00', '9876500125', 'meera.n@example.com', '90, Academic Block', 'Ganjam', 'Odisha', '760055', '10', '1', '0000-00-00', 'A', '2026-02-08 23:23:46', NULL);
INSERT INTO `STUDENTS` VALUES ('52', 'HIT/DEE/26006', 'HITDEE006', 'Rajesh', 'Behera', 'MALE', '0000-00-00', '9876500126', 'rajesh.b@example.com', '21, Hill View', 'Ganjam', 'Odisha', '760056', '10', '1', '0000-00-00', 'A', '2026-02-08 23:23:46', NULL);
INSERT INTO `STUDENTS` VALUES ('53', 'HIT/DEE/26008', 'HITDEE008', 'Manoj', 'Mohanty', 'MALE', '0000-00-00', '9876500128', 'manoj.m@example.com', '11, College Square', 'Ganjam', 'Odisha', '760058', '10', '1', '0000-00-00', 'A', '2026-02-08 23:23:46', NULL);
INSERT INTO `STUDENTS` VALUES ('54', 'HIT/DEE/26009', 'HITDEE009', 'Pooja', 'Tripathy', 'FEMALE', '0000-00-00', '9876500129', 'pooja.t@example.com', '88, Gandhi Nagar', 'Ganjam', 'Odisha', '760059', '10', '1', '0000-00-00', 'A', '2026-02-08 23:23:46', NULL);
INSERT INTO `STUDENTS` VALUES ('55', 'HIT/DCE/26006', 'HITDCE006', 'Pooja', 'Mohanty', 'FEMALE', '0000-00-00', '9876500106', 'aarav.m@example.com7', '21, Hill View', 'Ganjam', 'Odisha', '760036', '3', '1', '0000-00-00', 'A', '2026-02-08 23:26:12', NULL);
INSERT INTO `STUDENTS` VALUES ('56', 'HIT/DCE/26007', 'HITDCE007', 'Sandeep', 'Jena', 'MALE', '0000-00-00', '9876500107', 'aarav.m@example.com8', '67, River Side', 'Ganjam', 'Odisha', '760037', '3', '1', '0000-00-00', 'A', '2026-02-08 23:26:12', NULL);
INSERT INTO `STUDENTS` VALUES ('57', 'HIT/DCE/26008', 'HITDCE008', 'Kavita', 'Panda', 'FEMALE', '0000-00-00', '9876500108', 'aarav.m@example.com9', '11, College Square', 'Ganjam', 'Odisha', '760038', '3', '1', '0000-00-00', 'A', '2026-02-08 23:26:12', NULL);
INSERT INTO `STUDENTS` VALUES ('58', 'HIT/DCE/26010', 'HITDCE010', 'Neha', 'Raut', 'FEMALE', '0000-00-00', '9876500110', 'aarav.m@example.com11', '45, Main Road', 'Ganjam', 'Odisha', '760040', '3', '1', '0000-00-00', 'A', '2026-02-08 23:26:12', NULL);
INSERT INTO `STUDENTS` VALUES ('59', 'HIT/DME/26002', 'HITDME002', 'Swati', 'Das', 'FEMALE', '0000-00-00', '9876500112', 'aarav.m@example.com13', '44, College Hostel', 'Ganjam', 'Odisha', '760042', '9', '1', '0000-00-00', 'A', '2026-02-08 23:26:12', NULL);
INSERT INTO `STUDENTS` VALUES ('60', 'HIT/DME/26005', 'HITDME005', 'Vivek', 'Nayak', 'MALE', '0000-00-00', '9876500115', 'aarav.m@example.com16', '39, Academic Colony', 'Ganjam', 'Odisha', '760045', '9', '1', '0000-00-00', 'A', '2026-02-08 23:26:12', NULL);
INSERT INTO `STUDENTS` VALUES ('61', 'HIT/DME/26006', 'HITDME006', 'Tanvi', 'Patra', 'FEMALE', '0000-00-00', '9876500116', 'aarav.m@example.com17', '73, Bus Stand Road', 'Ganjam', 'Odisha', '760046', '9', '1', '0000-00-00', 'A', '2026-02-08 23:26:12', NULL);
INSERT INTO `STUDENTS` VALUES ('62', 'HIT/DME/26007', 'HITDME007', 'Harish', 'Mohanty', 'MALE', '0000-00-00', '9876500117', 'aarav.m@example.com18', '25, Park Street', 'Ganjam', 'Odisha', '760047', '9', '1', '0000-00-00', 'A', '2026-02-08 23:26:12', NULL);
INSERT INTO `STUDENTS` VALUES ('63', 'HIT/DME/26008', 'HITDME008', 'Roshni', 'Tripathy', 'FEMALE', '0000-00-00', '9876500118', 'aarav.m@example.com19', '64, College Hostel', 'Ganjam', 'Odisha', '760048', '9', '1', '0000-00-00', 'A', '2026-02-08 23:26:12', NULL);
INSERT INTO `STUDENTS` VALUES ('64', 'HIT/DME/26009', 'HITDME009', 'Satyam', 'Jena', 'MALE', '0000-00-00', '9876500119', 'aarav.m@example.com20', '19, Academic Road', 'Ganjam', 'Odisha', '760049', '9', '1', '0000-00-00', 'A', '2026-02-08 23:26:12', NULL);
INSERT INTO `STUDENTS` VALUES ('65', 'HIT/DME/26010', 'HITDME010', 'Ishita', 'Raut', 'FEMALE', '0000-00-00', '9876500120', 'aarav.m@example.com21', '55, Temple Square', 'Ganjam', 'Odisha', '760050', '9', '1', '0000-00-00', 'A', '2026-02-08 23:26:12', NULL);
INSERT INTO `STUDENTS` VALUES ('66', 'HIT/DEE/26002', 'HITDEE002', 'Ramesh', 'Patra', 'MALE', '0000-00-00', '9876500122', 'aarav.m@example.com23', '34, Market Street', 'Ganjam', 'Odisha', '760052', '10', '1', '0000-00-00', 'A', '2026-02-08 23:26:12', NULL);
INSERT INTO `STUDENTS` VALUES ('67', 'HIT/DEE/26003', 'HITDEE003', 'Sneha', 'Mishra', 'FEMALE', '0000-00-00', '9876500123', 'aarav.m@example.com24', '56, Temple Lane', 'Ganjam', 'Odisha', '760053', '10', '1', '0000-00-00', 'A', '2026-02-08 23:26:12', NULL);
INSERT INTO `STUDENTS` VALUES ('68', 'HIT/DEE/26004', 'HITDEE004', 'Ankit', 'Das', 'MALE', '0000-00-00', '9876500124', 'aarav.m@example.com25', '78, Station Road', 'Ganjam', 'Odisha', '760054', '10', '1', '0000-00-00', 'A', '2026-02-08 23:26:12', NULL);
INSERT INTO `STUDENTS` VALUES ('69', 'HIT/DEE/26007', 'HITDEE007', 'Kavita', 'Panda', 'FEMALE', '0000-00-00', '9876500127', 'aarav.m@example.com28', '67, River Side', 'Ganjam', 'Odisha', '760057', '10', '1', '0000-00-00', 'A', '2026-02-08 23:26:12', NULL);
INSERT INTO `STUDENTS` VALUES ('70', 'HIT/DEE/26010', 'HITDEE010', 'Sandeep', 'Jena', 'MALE', '0000-00-00', '9876500130', 'aarav.m@example.com31', '45, Main Road', 'Ganjam', 'Odisha', '760060', '10', '1', '0000-00-00', 'A', '2026-02-08 23:26:12', NULL);
INSERT INTO `STUDENTS` VALUES ('71', 'HIT/DCSE/26007', 'HITDCSE007', 'Sandeep', 'Jena', 'MALE', '0000-00-00', '9876500137', 'aarav.m@example.com38', '67, River Side', 'Ganjam', 'Odisha', '760067', '8', '1', '0000-00-00', 'A', '2026-02-08 23:26:12', NULL);
INSERT INTO `STUDENTS` VALUES ('72', 'HIT/DCSE/26008', 'HITDCSE008', 'Kavita', 'Panda', 'FEMALE', '0000-00-00', '9876500138', 'aarav.m@example.com39', '11, College Square', 'Ganjam', 'Odisha', '760068', '8', '1', '0000-00-00', 'A', '2026-02-08 23:26:12', NULL);
INSERT INTO `STUDENTS` VALUES ('73', 'HIT/DCSE/26009', 'HITDCSE009', 'Manoj', 'Das', 'MALE', '0000-00-00', '9876500139', 'aarav.m@example.com40', '88, Gandhi Nagar', 'Ganjam', 'Odisha', '760069', '8', '1', '0000-00-00', 'A', '2026-02-08 23:26:12', NULL);
INSERT INTO `STUDENTS` VALUES ('74', 'HIT/DCSE/26010', 'HITDCSE010', 'Neha', 'Raut', 'FEMALE', '0000-00-00', '9876500140', 'aarav.m@example.com41', '45, Main Road', 'Ganjam', 'Odisha', '760070', '8', '1', '0000-00-00', 'A', '2026-02-08 23:26:12', NULL);
INSERT INTO `STUDENTS` VALUES ('75', 'HIT/DCSE/26001', 'HITDCSE001', 'Aarav', 'Swain', 'MALE', '0000-00-00', '8876500131', 'aarav.m@example.com32', '12, College Road', 'Ganjam', 'Odisha', '760061', '8', '1', '0000-00-00', 'A', '2026-02-08 23:27:19', NULL);
INSERT INTO `STUDENTS` VALUES ('76', 'HIT/DCSE/26002', 'HITDCSE002', 'Riya', 'Patra', 'FEMALE', '0000-00-00', '8876500132', 'aarav.m@example.com33', '34, Market Street', 'Ganjam', 'Odisha', '760062', '8', '1', '0000-00-00', 'A', '2026-02-08 23:27:19', NULL);
INSERT INTO `STUDENTS` VALUES ('77', 'HIT/DCSE/26003', 'HITDCSE003', 'Karan', 'Mishra', 'MALE', '0000-00-00', '8876500133', 'aarav.m@example.com34', '56, Temple Lane', 'Ganjam', 'Odisha', '760063', '8', '1', '0000-00-00', 'A', '2026-02-08 23:27:19', NULL);
INSERT INTO `STUDENTS` VALUES ('78', 'HIT/DCSE/26004', 'HITDCSE004', 'Sneha', 'Nayak', 'FEMALE', '0000-00-00', '8876500134', 'aarav.m@example.com35', '78, Station Road', 'Ganjam', 'Odisha', '760064', '8', '1', '0000-00-00', 'A', '2026-02-08 23:27:19', NULL);
INSERT INTO `STUDENTS` VALUES ('79', 'HIT/DCSE/26005', 'HITDCSE005', 'Aditya', 'Behera', 'MALE', '0000-00-00', '8876500135', 'aarav.m@example.com36', '90, Academic Block', 'Ganjam', 'Odisha', '760065', '8', '1', '0000-00-00', 'A', '2026-02-08 23:27:19', NULL);
INSERT INTO `STUDENTS` VALUES ('80', 'HIT/DCSE/26006', 'HITDCSE006', 'Pooja', 'Mohanty', 'FEMALE', '0000-00-00', '8876500136', 'aarav.m@example.com37', '21, Hill View', 'Ganjam', 'Odisha', '760066', '8', '1', '0000-00-00', 'A', '2026-02-08 23:27:19', NULL);
DROP TABLE IF EXISTS `STUDENT_FEE_LEDGER`;
CREATE TABLE `STUDENT_FEE_LEDGER` (
  `LEDGER_ID` int(11) NOT NULL AUTO_INCREMENT,
  `STUDENT_ID` int(11) NOT NULL,
  `TOTAL_FEE` decimal(10,2) DEFAULT 0.00,
  `PAID_AMOUNT` decimal(10,2) DEFAULT 0.00,
  `DISCOUNT_AMOUNT` decimal(10,2) DEFAULT 0.00,
  `PENALTY_AMOUNT` decimal(10,2) DEFAULT 0.00,
  `BALANCE_AMOUNT` decimal(10,2) DEFAULT 0.00,
  `LAST_PAYMENT_DATE` datetime DEFAULT NULL,
  `LAST_UPDATED` datetime DEFAULT NULL,
  PRIMARY KEY (`LEDGER_ID`),
  UNIQUE KEY `STUDENT_ID` (`STUDENT_ID`)
) ENGINE=MyISAM AUTO_INCREMENT=83 DEFAULT CHARSET=latin1 COLLATE=latin1_swedish_ci;

INSERT INTO `STUDENT_FEE_LEDGER` VALUES ('1', '1', '41250.00', '18500.00', '0.00', '0.00', '22750.00', '2026-02-09 02:10:58', '2026-02-09 02:10:58');
INSERT INTO `STUDENT_FEE_LEDGER` VALUES ('2', '2', '41250.00', '0.00', '0.00', '0.00', '41250.00', NULL, '2026-02-08 22:22:11');
INSERT INTO `STUDENT_FEE_LEDGER` VALUES ('3', '3', '41250.00', '34500.00', '0.00', '0.00', '6750.00', '2026-02-10 00:58:45', '2026-02-10 00:58:45');
INSERT INTO `STUDENT_FEE_LEDGER` VALUES ('4', '4', '41250.00', '0.00', '0.00', '0.00', '41250.00', NULL, '2026-02-08 22:22:11');
INSERT INTO `STUDENT_FEE_LEDGER` VALUES ('5', '5', '41250.00', '0.00', '0.00', '0.00', '41250.00', NULL, '2026-02-08 22:22:11');
INSERT INTO `STUDENT_FEE_LEDGER` VALUES ('6', '6', '41250.00', '0.00', '0.00', '0.00', '41250.00', NULL, '2026-02-08 22:22:11');
INSERT INTO `STUDENT_FEE_LEDGER` VALUES ('7', '7', '41250.00', '0.00', '0.00', '0.00', '41250.00', NULL, '2026-02-08 22:22:11');
INSERT INTO `STUDENT_FEE_LEDGER` VALUES ('8', '8', '41250.00', '0.00', '0.00', '0.00', '41250.00', NULL, '2026-02-08 22:22:11');
INSERT INTO `STUDENT_FEE_LEDGER` VALUES ('9', '9', '41250.00', '0.00', '0.00', '0.00', '41250.00', NULL, '2026-02-08 22:22:11');
INSERT INTO `STUDENT_FEE_LEDGER` VALUES ('10', '10', '41250.00', '0.00', '0.00', '0.00', '41250.00', NULL, '2026-02-08 22:22:11');
INSERT INTO `STUDENT_FEE_LEDGER` VALUES ('11', '11', '41250.00', '0.00', '0.00', '0.00', '41250.00', NULL, '2026-02-08 22:22:11');
INSERT INTO `STUDENT_FEE_LEDGER` VALUES ('12', '12', '41250.00', '0.00', '0.00', '0.00', '41250.00', NULL, '2026-02-08 22:22:11');
INSERT INTO `STUDENT_FEE_LEDGER` VALUES ('13', '13', '41250.00', '0.00', '0.00', '0.00', '41250.00', NULL, '2026-02-08 22:22:11');
INSERT INTO `STUDENT_FEE_LEDGER` VALUES ('14', '14', '41250.00', '0.00', '0.00', '0.00', '41250.00', NULL, '2026-02-08 22:22:11');
INSERT INTO `STUDENT_FEE_LEDGER` VALUES ('15', '15', '41250.00', '0.00', '0.00', '0.00', '41250.00', NULL, '2026-02-08 22:22:11');
INSERT INTO `STUDENT_FEE_LEDGER` VALUES ('16', '16', '41250.00', '0.00', '0.00', '0.00', '41250.00', NULL, '2026-02-08 22:22:11');
INSERT INTO `STUDENT_FEE_LEDGER` VALUES ('17', '17', '41250.00', '0.00', '0.00', '0.00', '41250.00', NULL, '2026-02-08 22:22:11');
INSERT INTO `STUDENT_FEE_LEDGER` VALUES ('18', '18', '41250.00', '0.00', '0.00', '0.00', '41250.00', NULL, '2026-02-08 22:22:11');
INSERT INTO `STUDENT_FEE_LEDGER` VALUES ('19', '19', '41250.00', '0.00', '0.00', '0.00', '41250.00', NULL, '2026-02-08 22:22:11');
INSERT INTO `STUDENT_FEE_LEDGER` VALUES ('20', '20', '41250.00', '0.00', '0.00', '0.00', '41250.00', NULL, '2026-02-08 22:22:11');
INSERT INTO `STUDENT_FEE_LEDGER` VALUES ('21', '21', '41250.00', '0.00', '0.00', '0.00', '41250.00', NULL, '2026-02-08 22:56:14');
INSERT INTO `STUDENT_FEE_LEDGER` VALUES ('22', '22', '41250.00', '26000.00', '0.00', '0.00', '15250.00', '2026-02-09 04:16:59', '2026-02-09 04:16:59');
INSERT INTO `STUDENT_FEE_LEDGER` VALUES ('23', '23', '41250.00', '0.00', '0.00', '0.00', '41250.00', NULL, '2026-02-08 22:56:14');
INSERT INTO `STUDENT_FEE_LEDGER` VALUES ('24', '24', '41250.00', '0.00', '0.00', '0.00', '41250.00', NULL, '2026-02-08 22:56:14');
INSERT INTO `STUDENT_FEE_LEDGER` VALUES ('25', '25', '41250.00', '0.00', '0.00', '0.00', '41250.00', NULL, '2026-02-08 22:56:14');
INSERT INTO `STUDENT_FEE_LEDGER` VALUES ('26', '26', '41250.00', '0.00', '0.00', '0.00', '41250.00', NULL, '2026-02-08 22:56:14');
INSERT INTO `STUDENT_FEE_LEDGER` VALUES ('27', '27', '41250.00', '0.00', '0.00', '0.00', '41250.00', NULL, '2026-02-08 22:56:14');
INSERT INTO `STUDENT_FEE_LEDGER` VALUES ('28', '28', '41250.00', '0.00', '0.00', '0.00', '41250.00', NULL, '2026-02-08 22:56:14');
INSERT INTO `STUDENT_FEE_LEDGER` VALUES ('29', '29', '41250.00', '0.00', '0.00', '0.00', '41250.00', NULL, '2026-02-08 22:56:14');
INSERT INTO `STUDENT_FEE_LEDGER` VALUES ('30', '30', '41250.00', '0.00', '0.00', '0.00', '41250.00', NULL, '2026-02-08 22:56:14');
INSERT INTO `STUDENT_FEE_LEDGER` VALUES ('31', '31', '41250.00', '0.00', '0.00', '0.00', '41250.00', NULL, '2026-02-08 22:58:18');
INSERT INTO `STUDENT_FEE_LEDGER` VALUES ('32', '32', '41250.00', '0.00', '0.00', '0.00', '41250.00', NULL, '2026-02-08 22:58:18');
INSERT INTO `STUDENT_FEE_LEDGER` VALUES ('33', '33', '41250.00', '0.00', '0.00', '0.00', '41250.00', NULL, '2026-02-08 22:58:18');
INSERT INTO `STUDENT_FEE_LEDGER` VALUES ('34', '34', '41250.00', '0.00', '0.00', '0.00', '41250.00', NULL, '2026-02-08 22:58:18');
INSERT INTO `STUDENT_FEE_LEDGER` VALUES ('35', '35', '41250.00', '0.00', '0.00', '0.00', '41250.00', NULL, '2026-02-08 23:02:11');
INSERT INTO `STUDENT_FEE_LEDGER` VALUES ('36', '36', '41250.00', '0.00', '0.00', '0.00', '41250.00', NULL, '2026-02-08 23:02:11');
INSERT INTO `STUDENT_FEE_LEDGER` VALUES ('37', '37', '41250.00', '0.00', '0.00', '0.00', '41250.00', NULL, '2026-02-08 23:02:11');
INSERT INTO `STUDENT_FEE_LEDGER` VALUES ('38', '38', '41250.00', '0.00', '0.00', '0.00', '41250.00', NULL, '2026-02-08 23:02:11');
INSERT INTO `STUDENT_FEE_LEDGER` VALUES ('39', '39', '41250.00', '0.00', '0.00', '0.00', '41250.00', NULL, '2026-02-08 23:02:11');
INSERT INTO `STUDENT_FEE_LEDGER` VALUES ('40', '40', '41250.00', '0.00', '0.00', '0.00', '41250.00', NULL, '2026-02-08 23:02:11');
INSERT INTO `STUDENT_FEE_LEDGER` VALUES ('41', '41', '41250.00', '0.00', '0.00', '0.00', '41250.00', NULL, '2026-02-08 23:23:46');
INSERT INTO `STUDENT_FEE_LEDGER` VALUES ('42', '42', '41250.00', '0.00', '0.00', '0.00', '41250.00', NULL, '2026-02-08 23:23:46');
INSERT INTO `STUDENT_FEE_LEDGER` VALUES ('43', '43', '41250.00', '0.00', '0.00', '0.00', '41250.00', NULL, '2026-02-08 23:23:46');
INSERT INTO `STUDENT_FEE_LEDGER` VALUES ('44', '44', '41250.00', '0.00', '0.00', '0.00', '41250.00', NULL, '2026-02-08 23:23:46');
INSERT INTO `STUDENT_FEE_LEDGER` VALUES ('45', '45', '41250.00', '0.00', '0.00', '0.00', '41250.00', NULL, '2026-02-08 23:23:46');
INSERT INTO `STUDENT_FEE_LEDGER` VALUES ('46', '46', '41250.00', '0.00', '0.00', '0.00', '41250.00', NULL, '2026-02-08 23:23:46');
INSERT INTO `STUDENT_FEE_LEDGER` VALUES ('47', '47', '41250.00', '0.00', '0.00', '0.00', '41250.00', NULL, '2026-02-08 23:23:46');
INSERT INTO `STUDENT_FEE_LEDGER` VALUES ('48', '48', '41250.00', '27250.00', '0.00', '0.00', '14000.00', '2026-02-09 00:40:04', '2026-02-09 00:40:04');
INSERT INTO `STUDENT_FEE_LEDGER` VALUES ('49', '49', '41250.00', '0.00', '0.00', '0.00', '41250.00', NULL, '2026-02-08 23:23:46');
INSERT INTO `STUDENT_FEE_LEDGER` VALUES ('50', '50', '41250.00', '0.00', '0.00', '0.00', '41250.00', NULL, '2026-02-08 23:23:46');
INSERT INTO `STUDENT_FEE_LEDGER` VALUES ('51', '51', '41250.00', '0.00', '0.00', '0.00', '41250.00', NULL, '2026-02-08 23:23:46');
INSERT INTO `STUDENT_FEE_LEDGER` VALUES ('52', '52', '41250.00', '0.00', '0.00', '0.00', '41250.00', NULL, '2026-02-08 23:23:46');
INSERT INTO `STUDENT_FEE_LEDGER` VALUES ('53', '53', '41250.00', '0.00', '0.00', '0.00', '41250.00', NULL, '2026-02-08 23:23:46');
INSERT INTO `STUDENT_FEE_LEDGER` VALUES ('54', '54', '41250.00', '0.00', '0.00', '0.00', '41250.00', NULL, '2026-02-08 23:23:46');
INSERT INTO `STUDENT_FEE_LEDGER` VALUES ('55', '55', '41250.00', '0.00', '0.00', '0.00', '41250.00', NULL, '2026-02-08 23:26:12');
INSERT INTO `STUDENT_FEE_LEDGER` VALUES ('56', '56', '41250.00', '0.00', '0.00', '0.00', '41250.00', NULL, '2026-02-08 23:26:12');
INSERT INTO `STUDENT_FEE_LEDGER` VALUES ('57', '57', '41250.00', '0.00', '0.00', '0.00', '41250.00', NULL, '2026-02-08 23:26:12');
INSERT INTO `STUDENT_FEE_LEDGER` VALUES ('58', '58', '41250.00', '0.00', '0.00', '0.00', '41250.00', NULL, '2026-02-08 23:26:12');
INSERT INTO `STUDENT_FEE_LEDGER` VALUES ('59', '59', '41250.00', '41250.00', '0.00', '0.00', '0.00', '2026-02-09 00:36:14', '2026-02-09 00:36:14');
INSERT INTO `STUDENT_FEE_LEDGER` VALUES ('60', '60', '41250.00', '0.00', '0.00', '0.00', '41250.00', NULL, '2026-02-08 23:26:12');
INSERT INTO `STUDENT_FEE_LEDGER` VALUES ('61', '61', '41250.00', '0.00', '0.00', '0.00', '41250.00', NULL, '2026-02-08 23:26:12');
INSERT INTO `STUDENT_FEE_LEDGER` VALUES ('62', '62', '41250.00', '0.00', '0.00', '0.00', '41250.00', NULL, '2026-02-08 23:26:12');
INSERT INTO `STUDENT_FEE_LEDGER` VALUES ('63', '63', '41250.00', '0.00', '0.00', '0.00', '41250.00', NULL, '2026-02-08 23:26:12');
INSERT INTO `STUDENT_FEE_LEDGER` VALUES ('64', '64', '41250.00', '0.00', '0.00', '0.00', '41250.00', NULL, '2026-02-08 23:26:12');
INSERT INTO `STUDENT_FEE_LEDGER` VALUES ('65', '65', '41250.00', '0.00', '0.00', '0.00', '41250.00', NULL, '2026-02-08 23:26:12');
INSERT INTO `STUDENT_FEE_LEDGER` VALUES ('66', '66', '41250.00', '0.00', '0.00', '0.00', '41250.00', NULL, '2026-02-08 23:26:12');
INSERT INTO `STUDENT_FEE_LEDGER` VALUES ('67', '67', '41250.00', '0.00', '0.00', '0.00', '41250.00', NULL, '2026-02-08 23:26:12');
INSERT INTO `STUDENT_FEE_LEDGER` VALUES ('68', '68', '41250.00', '0.00', '0.00', '0.00', '41250.00', NULL, '2026-02-08 23:26:12');
INSERT INTO `STUDENT_FEE_LEDGER` VALUES ('69', '69', '41250.00', '0.00', '0.00', '0.00', '41250.00', NULL, '2026-02-08 23:26:12');
INSERT INTO `STUDENT_FEE_LEDGER` VALUES ('70', '70', '41250.00', '0.00', '0.00', '0.00', '41250.00', NULL, '2026-02-08 23:26:12');
INSERT INTO `STUDENT_FEE_LEDGER` VALUES ('71', '71', '41250.00', '0.00', '0.00', '0.00', '41250.00', NULL, '2026-02-08 23:26:12');
INSERT INTO `STUDENT_FEE_LEDGER` VALUES ('72', '72', '41250.00', '0.00', '0.00', '0.00', '41250.00', NULL, '2026-02-08 23:26:12');
INSERT INTO `STUDENT_FEE_LEDGER` VALUES ('73', '73', '41250.00', '0.00', '0.00', '0.00', '41250.00', NULL, '2026-02-08 23:26:12');
INSERT INTO `STUDENT_FEE_LEDGER` VALUES ('74', '74', '41250.00', '0.00', '0.00', '0.00', '41250.00', NULL, '2026-02-08 23:26:12');
INSERT INTO `STUDENT_FEE_LEDGER` VALUES ('75', '75', '41250.00', '41250.00', '0.00', '0.00', '0.00', '2026-02-08 23:29:23', '2026-02-08 23:29:23');
INSERT INTO `STUDENT_FEE_LEDGER` VALUES ('76', '76', '41250.00', '41250.00', '0.00', '0.00', '0.00', '2026-02-09 00:22:57', '2026-02-09 00:22:57');
INSERT INTO `STUDENT_FEE_LEDGER` VALUES ('77', '77', '41250.00', '0.00', '0.00', '0.00', '41250.00', NULL, '2026-02-08 23:27:19');
INSERT INTO `STUDENT_FEE_LEDGER` VALUES ('78', '78', '41250.00', '0.00', '0.00', '0.00', '41250.00', NULL, '2026-02-08 23:27:19');
INSERT INTO `STUDENT_FEE_LEDGER` VALUES ('79', '79', '41250.00', '0.00', '0.00', '0.00', '41250.00', NULL, '2026-02-08 23:27:19');
INSERT INTO `STUDENT_FEE_LEDGER` VALUES ('80', '80', '41250.00', '0.00', '0.00', '0.00', '41250.00', NULL, '2026-02-08 23:27:19');

SET FOREIGN_KEY_CHECKS=1;